lpa_name,reference,organisation_name,organisation_website,jurisdiction_key,doc_type,source_url,status,notes
Durham County Council,E60000001,Durham County Council,https://www.durham.gov.uk,UK-ENG-E60000001,local_plan,https://www.durham.gov.uk/media/34069/County-Durham-Plan-adopted-2020-/pdf/CountyDurhamPlanAdopted2020vDec2020.pdf,pending_ingest,verified
Darlington Borough Council,E60000002,Darlington Borough Council,https://www.darlington.gov.uk,UK-ENG-E60000002,local_plan,https://www.darlington.gov.uk/media/zxybvm0j/local-plan-adopted-feb22v2.pdf,pending_ingest,verified
Hartlepool Borough Council,E60000003,Hartlepool Borough Council,https://www.hartlepool.gov.uk,UK-ENG-E60000003,local_plan,https://www.hartlepool.gov.uk/downloads/download/15/hartlepool-local-planning-framework,pending_ingest,"confirmed live, page metadata matches"
Middlesbrough Borough Council,E60000004,Middlesbrough Borough Council,https://www.middlesbrough.gov.uk,UK-ENG-E60000004,local_plan,,pending_discovery,"UNRESOLVED: new 2022-2041 Local Plan still in examination (hearings as recent as Dec 2025). Current adopted development plan is a patchwork of legacy saved documents (Housing Local Plan 2014, Core Strategy DPD 2008, Regeneration DPD 2009, Tees Valley Joint Minerals & Waste DPDs 2011, saved 1999 policies) - no working direct PDF links found for the core text; council's media library appears reorganized, old LDF docs seem to survive only via a third-party map mirror (cartogold.co.uk). Needs a dedicated follow-up pass."
Northumberland County Council,E60000005,Northumberland County Council,https://www.northumberland.gov.uk,UK-ENG-E60000005,local_plan,https://www.northumberland.gov.uk/NorthumberlandCountyCouncil/media/Planning-and-Building/planning%20policy/Local%20Plan/Northumberland-Local-Plan-Adopted-March-2022.pdf,pending_ingest,verified
Redcar and Cleveland Borough Council,E60000006,Redcar and Cleveland Borough Council,https://www.redcar-cleveland.gov.uk,UK-ENG-E60000006,local_plan,https://www.redcar-cleveland.gov.uk/sites/default/files/2022-04/Local%20Plan%20Adopted%20May%202018.pdf,pending_ingest,verified
Stockton-on-Tees Borough Council,E60000007,Stockton-on-Tees Borough Council,https://www.stockton.gov.uk,UK-ENG-E60000007,local_plan,https://www.stockton.gov.uk/media/2518/Local-Plan-2019/pdf/Local_Plan_2019.pdf,pending_ingest,verified
Gateshead Metropolitan Borough Council,E60000008,Gateshead Metropolitan Borough Council,https://www.gateshead.gov.uk,UK-ENG-E60000008,local_plan_core_strategy,https://www.gateshead.gov.uk/media/7765/Core-Strategy-and-Urban-Core-Plan-for-Gateshead-and-Newcastle/pdf/Core-Strategy-and-Urban-Core-Plan-for-Gateshead-and-Newcastle_SMALLER.pdf,pending_ingest,verified; core strategy is a joint document shared with Newcastle
Newcastle City Council,E60000009,Newcastle City Council,https://www.newcastle.gov.uk,UK-ENG-E60000009,local_plan_core_strategy,https://www.newcastle.gov.uk/sites/default/files/2026-06/planning_for_the_future_core_strategy_and_urban_core_plan_2010-2030.pdf,pending_ingest,verified; core strategy is a joint document shared with Gateshead
North Tyneside Council,E60000010,North Tyneside Council,https://www.northtyneside.gov.uk,UK-ENG-E60000010,local_plan,https://www.northtyneside.gov.uk/sites/default/files/2025-09/North%20Tyneside%20Local%20Plan%202017-2032%20(1).pdf,pending_ingest,"found via search on council's own domain, not fetch-confirmed (site returned 403 to bot) - spot-check before ingest"
South Tyneside Council,E60000011,South Tyneside Council,https://www.southtyneside.info,UK-ENG-E60000011,local_plan,,pending_discovery,Local Plan 2023-2040 (adopted 30 Jul 2026) is published as a DIGITAL-FIRST HTML DOCUMENT ONLY - no downloadable PDF found at https://publications.southtyneside.gov.uk/plans/local-plan-2023-2040/index.htm or any council page. Current ingest pipeline only handles PDFs - this council needs either a different ingestion path (e.g. print-to-PDF the HTML) or a pipeline extension before it can be added.
Sunderland City Council,E60000012,Sunderland City Council,https://www.sunderland.gov.uk,UK-ENG-E60000012,local_plan_core_strategy,https://www.sunderland.gov.uk/media/22171/Core-Strategy-and-Development-Plan-2015-2033/pdf/CSDP_2015-2033.pdf,pending_ingest,"verified; no new Local Plan adopted yet, this is the current CSDP"
Blackburn with Darwen Borough Council,E60000013,Blackburn with Darwen Borough Council,https://www.blackburn.gov.uk,UK-ENG-E60000013,local_plan,https://blackburn-darwen.org.uk/wp-content/uploads/Blackburn-with-Darwen-Local-Plan-2021-2037.pdf,pending_ingest,"adoption confirmed via planning.data.gov.uk; URL is a third-party consultation-portal mirror, not independently fetch-verified - spot-check before ingest"
Blackpool Borough Council,E60000014,Blackpool Borough Council,https://www.blackpool.gov.uk,UK-ENG-E60000014,local_plan_core_strategy,https://www.blackpool.gov.uk/Residents/Planning-environment-and-community/Documents/J118003-107575-2016-updated-17-Feb-2016-High-Res.pdf,pending_ingest,adoption confirmed via council pages
Cheshire East Council,E60000015,Cheshire East Council,https://www.cheshireeast.gov.uk,UK-ENG-E60000015,local_plan_core_strategy,https://www.cheshireeast.gov.uk/pdf/planning/local-plan/local-plan-strategy-web-version-1.pdf,pending_ingest,sourced from council's own local-plan-policies page; direct fetch-verify blocked by robots.txt
Cheshire West and Chester Council,E60000016,Cheshire West and Chester Council,https://www.cheshirewestandchester.gov.uk,UK-ENG-E60000016,local_plan_core_strategy,https://planningpolicy.cheshirewestandchester.gov.uk/sites/planningpolicy-cheshirewestandchester/files/2025-11/Local%20Plan%20(Part%20One)%20Strategic%20Policies.pdf,pending_ingest,"Part One on official subdomain; Part Two on objective.co.uk mirror, fetch-verify blocked by SSL/robots errors - LOWER CONFIDENCE, spot-check before ingest"
Halton Borough Council,E60000017,Halton Borough Council,https://www.halton.gov.uk,UK-ENG-E60000017,local_plan,https://www3.halton.gov.uk/Documents/planning/planning%20policy/newdalp/DALP%20Adopted.pdf,pending_ingest,URL sourced from planning.data.gov.uk's own entity record; fetch-verify blocked by tooling error
Warrington Borough Council,E60000018,Warrington Borough Council,https://www.warrington.gov.uk,UK-ENG-E60000018,local_plan,https://www.warrington.gov.uk/sites/default/files/2023-12/Warrington%20local%20plan%20-%202021-22%20-%202038-39%20-%20Adopted%20December%202023.pdf,pending_ingest,verified by direct PDF fetch
Allerdale Borough Council,E60000019,Allerdale Borough Council,https://www.allerdale.gov.uk,UK-ENG-E60000019,local_plan_core_strategy,https://www.cumberland.gov.uk/sites/default/files/2025-03/The%20adopted%20Allerdale%20Local%20Plan%20part%201.pdf,pending_ingest,"verified; Allerdale BC was abolished April 2023 and merged into Cumberland Council, which now holds this function - no new unified Cumberland plan yet, so this legacy Allerdale plan (rehosted on cumberland.gov.uk) remains the current adopted policy for this area"
Barrow-in-Furness Borough Council,E60000020,Barrow-in-Furness Borough Council,https://www.barrowbc.gov.uk,UK-ENG-E60000020,local_plan,https://www.barrowbc.gov.uk/sites/default/files/attachment/7819.pdf,pending_ingest,"Barrow BC was abolished April 2023 and merged into Westmorland and Furness Council, which now holds this function - no new unified plan yet, so this legacy Barrow plan remains current; sourced from the current council's official legacy-plans page but direct fetch-verify blocked by tooling error"
Carlisle City Council,E60000021,Carlisle City Council,https://www.carlisle.gov.uk,UK-ENG-E60000021,local_plan,https://www.cumbria.gov.uk/elibrary/Content/Internet/544/17312/18058/18062/44218152210.pdf,pending_ingest,"verified, full text confirmed; Carlisle City Council abolished April 2023, function now held by Cumberland Council - legacy plan still current"
Copeland Borough Council,E60000022,Copeland Borough Council,https://www.copeland.gov.uk,UK-ENG-E60000022,local_plan,https://cumberland.moderngov.co.uk/documents/s21902/Copeland+Local+Plan+2021-2039.pdf,pending_ingest,"verified; Copeland BC abolished April 2023, function now held by Cumberland Council, which formally adopted this NEW Copeland Local Plan 2021-2039 on 5 Nov 2024, replacing the old 2013-2028 plan"
Eden District Council,E60000023,Eden District Council,https://www.eden.gov.uk,UK-ENG-E60000023,local_plan,https://www.eden.gov.uk/media/5032/edenlocalplan2014-2032finalwithoutforeword.pdf,pending_ingest,"verified; Eden DC abolished April 2023, function now held by Westmorland and Furness Council - legacy plan still current"
South Lakeland District Council,E60000024,South Lakeland District Council,https://www.southlakeland.gov.uk,UK-ENG-E60000024,local_plan_core_strategy,https://www.southlakeland.gov.uk/media/3521/cs01-core-strategy-october-2010.pdf,pending_ingest,"South Lakeland DC abolished April 2023, function now held by Westmorland and Furness Council - legacy plan still current"
Bolton Metropolitan Borough Council,E60000025,Bolton Metropolitan Borough Council,https://www.bolton.gov.uk,UK-ENG-E60000025,local_plan_core_strategy,https://www.bolton.gov.uk/downloads/file/666/core-strategy,pending_ingest,"verified, full text confirmed"
Bury Metropolitan Borough Council,E60000026,Bury Metropolitan Borough Council,https://www.bury.gov.uk,UK-ENG-E60000026,local_plan_core_strategy,https://www.bury.gov.uk/asset-library/unitary-development-plan-part-1-strategy.pdf,pending_ingest,"current adopted plan is still the legacy 1997 Unitary Development Plan (saved policies); a replacement is only in draft. UDP is split into many more chapter PDFs (housing, environment, shopping etc. - see https://www.bury.gov.uk/planning-building-control/planning-policy/bury-unitary-development-plan) not individually captured here - PARTIAL coverage"
Manchester City Council,E60000027,Manchester City Council,https://www.manchester.gov.uk,UK-ENG-E60000027,local_plan,https://www.manchester.gov.uk/__data/assets/file/0018/123570/core_strategy_-_pdf.pdf,pending_ingest,verified
Oldham Metropolitan Borough Council,E60000028,Oldham Metropolitan Borough Council,https://www.oldham.gov.uk,UK-ENG-E60000028,local_plan_core_strategy,https://www.oldham.gov.uk/download/downloads/id/1445/development_plan_document_-_joint_core_strategy_and_development_management_policies.pdf,pending_ingest,verified; single comprehensive joint Core Strategy & Development Management Policies DPD
Rochdale Metropolitan Borough Council,E60000029,Rochdale Metropolitan Borough Council,https://www.rochdale.gov.uk,UK-ENG-E60000029,local_plan_core_strategy,https://www.rochdale.gov.uk/downloads/download/266/core-strategy,pending_ingest,sourced from council's own current page; robots.txt blocked automated re-fetch verification - high but not fully confirmed confidence. Allocations DPD not yet adopted so UDP saved policies still apply for site allocations (no URL found for those)
Salford City Council,E60000030,Salford City Council,https://www.salford.gov.uk,UK-ENG-E60000030,local_plan_development_management,https://www.salford.gov.uk/media/398824/salford-local-plan-development-management-policies-and-designations.pdf,pending_ingest,"verified; this is 'Part One' (adopted 18 Jan 2023) which replaced the old UDP saved policies. Companion 'Part Two' (Core Strategy & Allocations) is still only at consultation stage, not yet adopted"
Stockport Metropolitan Borough Council,E60000031,Stockport Metropolitan Borough Council,https://www.stockport.gov.uk,UK-ENG-E60000031,local_plan_core_strategy,https://assets.ctfassets.net/ii3xdrqc6nfw/1dsOJMSWcOdoMWxhD2BWjm/82bd4afcf114f3c523d3442891db8978/Core_Strategy_Policy.pdf,pending_ingest,"URLs hosted on third-party CDN/S3 buckets rather than stockport.gov.uk directly - not independently fetch-verified, spot-check before ingest"
Tameside Metropolitan Borough Council,E60000032,Tameside Metropolitan Borough Council,https://www.tameside.gov.uk,UK-ENG-E60000032,local_plan_udp,https://www.tameside.gov.uk/documents/d/guest/writtenstatement-pdf,pending_ingest,"UDP link is the best found but not a clean direct-attachment URL - LOWER CONFIDENCE, spot-check; Places for Everyone is a joint strategic plan across several Greater Manchester boroughs, adopted 21 Mar 2024"
Trafford Metropolitan Borough Council,E60000033,Trafford Metropolitan Borough Council,https://www.trafford.gov.uk,UK-ENG-E60000033,local_plan_core_strategy,https://www.trafford.gov.uk/sites/default/files/2025-08/core-strategy-adopted-final.pdf,pending_ingest,adopted Jan 2012; no separate saved-UDP PDF found. Places for Everyone is the same joint GMCA document as Tameside/Wigan
Wigan Metropolitan Borough Council,E60000034,Wigan Metropolitan Borough Council,https://www.wigan.gov.uk,UK-ENG-E60000034,local_plan_core_strategy,https://www.wigan.gov.uk/Docs/PDF/Council/Strategies-Plans-and-Policies/Planning/Adopted-Core-Strategy.pdf,pending_ingest,adopted Sept 2013; Allocations Plan still in draft. Places for Everyone is the same joint GMCA document as Tameside/Trafford
Burnley Borough Council,E60000035,Burnley Borough Council,https://www.burnley.gov.uk,UK-ENG-E60000035,local_plan,https://burnley.gov.uk/wp-content/uploads/2022/04/Burnleys-Local-Plan-Adopted-Version-Final-With-erratum-28-Sep-2018.pdf,pending_ingest,"adopted 31 Jul 2018 Note: this council is among those scheduled for possible abolition/merger into a new Lancashire unitary authority around April 2028 (subject to Parliament, announced Jul 2026); still the operative planning authority for now."
Chorley Borough Council,E60000036,Chorley Borough Council,https://www.chorley.gov.uk,UK-ENG-E60000036,local_plan_core_strategy,https://centrallocalplan.lancashire.gov.uk/media/1032/central-lancashire-core-strategy-july-2012-v1.pdf,pending_ingest,"core strategy is a joint Central Lancashire document (Jul 2012); site allocations link resolved as an HTML/attachment page in a scripted check (403) but as the adopted document via WebFetch, adopted Jul 2015 - spot-check before ingest Note: this council is among those scheduled for possible abolition/merger into a new Lancashire unitary authority around April 2028 (subject to Parliament, announced Jul 2026); still the operative planning authority for now."
Fylde Borough Council,E60000037,Fylde Borough Council,https://www.fylde.gov.uk,UK-ENG-E60000037,local_plan,https://new.fylde.gov.uk/wp-content/uploads/2021/12/Fylde-Local-Plan-to-2032-incorporating-Partial-Review-adopted.pdf,pending_ingest,"originally adopted Oct 2018, partial review incorporated Dec 2021 Note: this council is among those scheduled for possible abolition/merger into a new Lancashire unitary authority around April 2028 (subject to Parliament, announced Jul 2026); still the operative planning authority for now."
Hyndburn Borough Council,E60000038,Hyndburn Borough Council,https://www.hyndburnbc.gov.uk,UK-ENG-E60000038,local_plan,https://www.hyndburnbc.gov.uk/wp-content/uploads/2026/07/Appendix-4-amended-Local-Plan-2040-Adopted-Clean-13.07.2026.pdf,pending_ingest,"adopted 16 Jul 2026, replaces 2012 Core Strategy - very recent adoption, worth double-checking Note: this council is among those scheduled for possible abolition/merger into a new Lancashire unitary authority around April 2028 (subject to Parliament, announced Jul 2026); still the operative planning authority for now."
Lancaster City Council,E60000039,Lancaster City Council,https://www.lancaster.gov.uk,UK-ENG-E60000039,local_plan_part1_strategic_land_allocations,https://www.lancaster.gov.uk/assets/attach/14298/1.Part-One_DPD_SPLA_Adopted-FINAL.pdf,pending_ingest,"verified; Climate Emergency Review DPDs, adopted 22 Jan 2025, supersede the 2020 plan Note: this council is among those scheduled for possible abolition/merger into a new Lancashire unitary authority around April 2028 (subject to Parliament, announced Jul 2026); still the operative planning authority for now."
Pendle Borough Council,E60000040,Pendle Borough Council,https://www.pendle.gov.uk,UK-ENG-E60000040,local_plan,https://www.pendle.gov.uk/download/downloads/id/12624/local_plan_adoption_version_-_final.pdf,pending_ingest,"Fourth Edition, replaces Core Strategy + Replacement Local Plan, adopted 18 Dec 2025 Note: this council is among those scheduled for possible abolition/merger into a new Lancashire unitary authority around April 2028 (subject to Parliament, announced Jul 2026); still the operative planning authority for now."
Preston City Council,E60000041,Preston City Council,https://www.preston.gov.uk,UK-ENG-E60000041,local_plan_core_strategy,https://centrallocalplan.lancashire.gov.uk/media/1032/central-lancashire-core-strategy-july-2012-v1.pdf,pending_ingest,"core strategy is a joint Central Lancashire doc (also used by South Ribble); site allocations found via search, preston.gov.uk blocked direct fetch (403) so not independently confirmed. A newer joint Central Lancashire plan 2023-2041 is in examination, not adopted"
Ribble Valley Borough Council,E60000042,Ribble Valley Borough Council,https://www.ribblevalley.gov.uk,UK-ENG-E60000042,local_plan,https://www.ribblevalley.gov.uk/downloads/file/1700/adopted-core-strategy,pending_ingest,"verified, adopted Dec 2014"
Rossendale Borough Council,E60000043,Rossendale Borough Council,https://www.rossendale.gov.uk,UK-ENG-E60000043,local_plan,https://www.rossendale.gov.uk/downloads/file/17076/rossendale_local_plan_2019_to_2036_-_written_statement.pdf,pending_ingest,"adopted 15 Dec 2021; policies map URL resolves but WebFetch flagged it as image content rather than a clean PDF - the ingest script's %PDF- header check will catch this, spot-check if it errors"
South Ribble Borough Council,E60000044,South Ribble Borough Council,https://www.southribble.gov.uk,UK-ENG-E60000044,local_plan_core_strategy,https://centrallocalplan.lancashire.gov.uk/media/1032/central-lancashire-core-strategy-july-2012-v1.pdf,pending_ingest,"core strategy is the same joint Central Lancashire doc as Preston's, verified; site allocations verified, adopted July 2015"
West Lancashire Borough Council,E60000045,West Lancashire Borough Council,https://www.westlancs.gov.uk,UK-ENG-E60000045,local_plan,https://www.westlancs.gov.uk/media/547722/wllp-oct-2013.pdf,pending_ingest,"adopted Oct 2013; sourced from official page, WebFetch itself blocked by robots.txt so not independently re-verified"
Wyre Borough Council,E60000046,Wyre Borough Council,https://www.wyre.gov.uk,UK-ENG-E60000046,local_plan,https://www.wyre.gov.uk/downloads/file/1595/adopted-wyre-local-plan-2011-2031-incorporating-partial-update-of-2022-,pending_ingest,"verified; adopted 26 Jan 2023, incorporating 2022 partial update"
Knowsley Metropolitan Borough Council,E60000047,Knowsley Metropolitan Borough Council,https://www.knowsley.gov.uk,UK-ENG-E60000047,local_plan,https://www.knowsley.gov.uk/sites/default/files/2023-11/knowsley-local-plan-adopted-core-strategy.pdf,pending_ingest,"verified; adopted Jan 2016, Knowsley's only adopted Local Plan DPD - no separate Site Allocations DPD exists, Policies Map is an interactive web tool only"
Liverpool City Council,E60000048,Liverpool City Council,https://www.liverpool.gov.uk,UK-ENG-E60000048,local_plan,https://liverpool.gov.uk/media/1tkbedcv/01-liverpool-local-plan-main-document.pdf,pending_ingest,"adopted 26 Jan 2022; sourced from official page text, WebFetch direct re-verification blocked by robots.txt"
Sefton Metropolitan Borough Council,E60000049,Sefton Metropolitan Borough Council,https://www.sefton.gov.uk,UK-ENG-E60000049,local_plan,https://www.sefton.gov.uk/media/1133/a-local-plan-for-sefton-for-adoption-final.pdf,pending_ingest,"verified; adopted 20 April 2017. Policies Maps split by sub-area (Southport/Formby/Bootle-Crosby/Sefton East), not queued individually"
St Helens Council,E60000050,St Helens Council,https://www.sthelens.gov.uk,UK-ENG-E60000050,local_plan,https://www.sthelens.gov.uk/media/4315/St-Helens-Borough-Local-Plan-up-to-2037/pdf/Local_Plan_Written_Statement_-_FINAL_adoption_version.pdf,pending_ingest,"verified; adopted July 2022, supersedes 2012 Core Strategy"
Wirral Borough Council,E60000051,Wirral Borough Council,https://www.wirral.gov.uk,UK-ENG-E60000051,local_plan,https://www.wirral.gov.uk/files/wirral-local-plan-2022-2040-written-statement.pdf/download?inline,pending_ingest,"Wirral Local Plan 2022-2040, adopted 31 March 2025, supersedes old UDP. Policies Map is interactive webmap only, no PDF"
East Riding of Yorkshire Council,E60000052,East Riding of Yorkshire Council,https://www.eastriding.gov.uk/,UK-ENG-E60000052,local_plan_core_strategy,https://downloads.eastriding.org.uk/corporate/pages/east-riding-local-plan-update/adoption-docs/LPU%20-%20Strategy%20Document%20Update%20Adopted%202025.pdf,pending_ingest,"Local Plan Update, adopted 2 April 2025"
Hull City Council,E60000053,Hull City Council,https://www.hullcc.gov.uk,UK-ENG-E60000053,local_plan,https://www.hull.gov.uk/downloads/file/101/hull-local-plan-2016-to-2032,pending_ingest,"Hull Local Plan 2016-2032, adopted Nov 2017 (council now branded hull.gov.uk)"
North East Lincolnshire Council,E60000054,North East Lincolnshire Council,https://www.nelincs.gov.uk,UK-ENG-E60000054,local_plan,https://www.nelincs.gov.uk/assets/uploads/2026/07/20180518-AdoptedLocalPlan2018-WEB.pdf,pending_ingest,"NELC Local Plan 2013-2032, adopted March 2018"
North Lincolnshire Council,E60000055,North Lincolnshire Council,https://www.northlincs.gov.uk,UK-ENG-E60000055,local_plan,,pending_discovery,"UNRESOLVED: no single unified plan - new Local Plan only at scoping-consultation stage (adoption not expected until 2029). Operative development plan is saved policies from FOUR separate legacy documents (2003 Local Plan, 2011 Core Strategy, 2016 Housing & Employment Land Allocations DPD, 2016 Lincolnshire Lakes AAP). Only found a working PDF trail for the 2011 Core Strategy, and even that is fragmented into per-chapter scans on a legacy mirror (m.northlincs.gov.uk) rather than one file - could not locate working PDFs for the other three documents. Needs a dedicated follow-up pass."
City of York Council,E60000056,City of York Council,https://www.york.gov.uk,UK-ENG-E60000056,local_plan,https://www.york.gov.uk/downloads/file/10103/city-of-york-adopted-local-plan-2025,pending_ingest,"adopted 27 Feb 2025, very recent"
Craven District Council,E60000057,Craven District Council,https://www.cravendc.gov.uk,UK-ENG-E60000057,local_plan,https://www.northyorks.gov.uk/sites/default/files/fileroot/planning_migrated/planning_policy/Craven_local_plan_appendices_and_policies_map%20-%20na.pdf,pending_ingest,"Craven District Council abolished 1 Apr 2023, merged into North Yorkshire Council along with Hambleton, Harrogate, Richmondshire, Ryedale, Scarborough, Selby. North Yorkshire Council has NOT adopted a unified replacement plan yet (still early call-for-sites stage) - this legacy Craven Local Plan 2012-2032 continues to apply as saved policy, now hosted by North Yorkshire Council"
Hambleton District Council,E60000058,Hambleton District Council,https://www.hambleton.gov.uk,UK-ENG-E60000058,local_plan,https://www.northyorks.gov.uk/sites/default/files/2024-01/Hambleton%20Local%20Plan%20with%20updated%20links%20July%202023%20-%20accessible.pdf,pending_ingest,"Hambleton DC abolished 1 Apr 2023, merged into North Yorkshire Council (see Craven note) - legacy Hambleton Local Plan (adopted 22 Feb 2022) continues to apply, now hosted by North Yorkshire Council"
Harrogate Borough Council,E60000059,Harrogate Borough Council,https://www.harrogate.gov.uk,UK-ENG-E60000059,local_plan_ch1_4,https://www.northyorks.gov.uk/sites/default/files/2023-03/Introduction%20vision%20and%20objectives%20growth%20strategy%20and%20economy%20chapters%201%202%203%20and%204%20-%20accessible.pdf,pending_ingest,"Harrogate BC abolished 1 Apr 2023, merged into North Yorkshire Council (see Craven note) - legacy Harrogate District Local Plan 2014-2035 (adopted March 2020) continues to apply, now hosted by North Yorkshire Council. Split into 7 chapter-group PDFs plus separate policies maps - only 2 of the chapter groups captured here, PARTIAL coverage, see northyorks.gov.uk's harrogate-district-local-plan page for the rest"
Richmondshire District Council,E60000060,Richmondshire District Council,https://richmondshire.gov.uk,UK-ENG-E60000060,local_plan_core_strategy,https://www.northyorks.gov.uk/sites/default/files/fileroot/planning_migrated/planning_policy/core-strategy-2012-28.pdf,pending_ingest,"Richmondshire DC abolished 1 Apr 2023, merged into North Yorkshire Council (see Craven note) - legacy Richmondshire Local Plan 2012-28 Core Strategy (adopted 9 Dec 2014) continues to apply, now hosted by North Yorkshire Council"
Ryedale District Council,E60000061,Ryedale District Council,https://www.ryedale.gov.uk,UK-ENG-E60000061,local_plan_core_strategy,https://www.northyorks.gov.uk/sites/default/files/fileroot/planning_migrated/planning_policy/The-Ryedale-Plan-Local-Plan-Stategy-Final.pdf,pending_ingest,"Ryedale DC abolished 1 Apr 2023, merged into North Yorkshire Council (see Craven note) - legacy Ryedale Plan (Strategy adopted 2013, Sites Document adopted 27 June 2019) continues to apply, now hosted by North Yorkshire Council. Both verified as real PDFs"
Scarborough Borough Council,E60000062,Scarborough Borough Council,https://www.scarborough.gov.uk,UK-ENG-E60000062,local_plan,https://www.northyorks.gov.uk/sites/default/files/fileroot/planning_migrated/planning_policy/Scarborough%20Borough%20Local%20Plan%202011-32.pdf,pending_ingest,"Scarborough BC abolished 1 Apr 2023, merged into North Yorkshire Council (see Craven note) - legacy Scarborough Borough Local Plan 2011-32 (adopted 3 July 2017) continues to apply, now hosted by North Yorkshire Council. Verified"
Selby District Council,E60000063,Selby District Council,https://www.selby.gov.uk,UK-ENG-E60000063,local_plan_core_strategy,https://www.northyorks.gov.uk/sites/default/files/fileroot/planning_migrated/planning_policy/CS_Adoption_Ver_OCT_2013_REDUCED.pdf,pending_ingest,"Selby DC abolished 1 Apr 2023, merged into North Yorkshire Council (see Craven note) - legacy Selby Core Strategy Local Plan (adopted 22 Oct 2013) continues to apply, now hosted by North Yorkshire Council; saved policies from the 2005 Selby District Local Plan also continue alongside it"
Barnsley Metropolitan Borough Council,E60000064,Barnsley Metropolitan Borough Council,https://www.barnsley.gov.uk,UK-ENG-E60000064,local_plan,https://www.barnsley.gov.uk/media/17249/local-plan-adopted.pdf,pending_ingest,adopted 3 Jan 2019
Doncaster Metropolitan Borough Council,E60000065,Doncaster Metropolitan Borough Council,https://www.doncaster.gov.uk,UK-ENG-E60000065,local_plan,https://dmbcwebstolive01.blob.core.windows.net/media/Default/Planning/Documents/Local%20Plan/Submission/Doncaster%20Local%20Plan%20Adopted%2023%20Sept%202021.pdf,pending_ingest,"Doncaster Local Plan 2015-2035, adopted 23 Sept 2021, confirmed real PDF (Azure blob storage hosting)"
Rotherham Metropolitan Borough Council,E60000066,Rotherham Metropolitan Borough Council,https://www.rotherham.gov.uk,UK-ENG-E60000066,local_plan_core_strategy,https://www.rotherham.gov.uk/downloads/file/307/adopted-rotherham-core-strategy,pending_ingest,"both verified; Core Strategy adopted Sept 2014, Sites and Policies Document adopted June 2018"
Sheffield City Council,E60000067,Sheffield City Council,https://www.sheffield.gov.uk,UK-ENG-E60000067,local_plan_core_strategy,https://www.sheffield.gov.uk/sites/default/files/2022-07/core-strategy-adopted-march-2009.pdf,pending_ingest,"verified; new Sheffield Plan still in Examination (main modifications stage mid-2026), not yet adopted, so the 2009 Core Strategy remains current alongside saved 1998 UDP policies (not consolidated into one file, not queued)"
City of Bradford Metropolitan District Council,E60000068,City of Bradford Metropolitan District Council,https://www.bradford.gov.uk,UK-ENG-E60000068,local_plan_core_strategy,https://www.bradford.gov.uk/Documents/planningStrategy/10/Adopted%20core%20strategy/1%20Core%20Strategy%20full%20document.pdf,pending_ingest,"verified; Core Strategy DPD adopted 18 July 2017. No adopted site-allocations DPD exists - saved 2005 RUDP policies still apply (not consolidated into one file, not queued); new District Local Plan still only at Preferred Options draft stage"
Calderdale Metropolitan Borough Council,E60000069,Calderdale Metropolitan Borough Council,https://www.calderdale.gov.uk,UK-ENG-E60000069,local_plan_core_strategy,https://new.calderdale.gov.uk/sites/default/files/2023-12/Local-Plan-Written-Statement.pdf,pending_ingest,"Calderdale Local Plan 2018/19-2032/33, adopted 22 March 2023. Written Statement verified; Site Allocations (Appendix 1) found via search, not independently WebFetch-verified - spot-check before ingest"
Kirklees Council,E60000070,Kirklees Council,https://www.kirklees.gov.uk,UK-ENG-E60000070,local_plan_core_strategy,https://www.kirklees.gov.uk/beta/planning-policy/pdf/local-plan-strategy-and-policies.pdf,pending_ingest,"Kirklees Local Plan, adopted 27 Feb 2019. Policies Maps exist per sub-area but not individually queued"
Leeds City Council,E60000071,Leeds City Council,https://www.leeds.gov.uk,UK-ENG-E60000071,local_plan_core_strategy,https://www.leeds.gov.uk/sites/default/files/files-imported/2f1fb7967571ff329ad57bc4f5d99e8be244e0167d10c92825a7016edeb15907.pdf,pending_ingest,"Core Strategy (2014, amended by Selective Review Sept 2019) verified; Site Allocations Plan (adopted 2019) is split into ~12 separate PDFs by geographic area - only the intro doc captured here, PARTIAL coverage"
Wakefield Metropolitan District Council,E60000072,Wakefield Metropolitan District Council,https://www.wakefield.gov.uk,UK-ENG-E60000072,local_plan_development_management,https://www.wakefield.gov.uk/media/cezexgd0/volume-1-development-strategy-strategic-and-local-policies.pdf,pending_ingest,"Wakefield District Local Plan, adopted 24 Jan 2024, in two volumes. Both blocked to fetch tool by robots.txt but sourced directly from council's own current planning-policy page - link pattern trustworthy but not content-verified. Policies Map is interactive/HTML only, no PDF"
Derby City Council,E60000073,Derby City Council,https://www.derby.gov.uk,UK-ENG-E60000073,local_plan_core_strategy,https://www.derby.gov.uk/media/derbycitycouncil/contentassets/documents/environmentandplanning/regeneration/Core-Strategy_ADOPTED_DEC-2016_V3_WEB.pdf,pending_ingest,"Local Plan Part 1 Core Strategy (Jan 2017) verified; Part 2 (site allocations) never adopted, so saved policies from the 2006 City of Derby Local Plan Review fill the gap, also verified. New unified Local Plan only at draft/Reg 18 stage"
Leicester City Council,E60000074,Leicester City Council,https://www.leicester.gov.uk,UK-ENG-E60000074,local_plan,https://www.leicester.gov.uk/sites/default/files/2026-06/Leicester%20Local%20Plan%20-%20Adopted%20June%202026.pdf,pending_ingest,"Leicester Local Plan 2020-2036, formally adopted June 2026 (very recent), verified"
Nottingham City Council,E60000075,Nottingham City Council,https://www.nottinghamcity.gov.uk,UK-ENG-E60000075,local_plan_core_strategy,https://www.nottinghamcity.gov.uk/media/kyhhfdx4/the-nottingham-city-aligned-core-strategy-acs.pdf,pending_ingest,"Part 1 Aligned Core Strategy (adopted Sept 2014) + Part 2 Land and Planning Policies/LAPP (adopted Jan 2020, incl. site allocations & dev management policies), both verified"
Rutland County Council,E60000076,Rutland County Council,https://www.rutland.gov.uk,UK-ENG-E60000076,local_plan_core_strategy,https://www.rutland.gov.uk/sites/default/files/2022-09/Core%20Strategy%20DPD%20%28July%202011%29.pdf,pending_ingest,"verified; currently-adopted 2011-2026 plan (a 2021-2041 successor is in examination, not yet adopted). A separate Minerals Core Strategy DPD (2010) also exists but wasn't queued (specialist minerals plan, not general planning policy)"
Amber Valley Borough Council,E60000077,Amber Valley Borough Council,https://www.ambervalley.gov.uk,UK-ENG-E60000077,local_plan,https://www.ambervalley.gov.uk/media/1935/adopted-amber-valley-borough-local-plan-2022-2040-inc-policies-maps.pdf,pending_ingest,"Local Plan 2022-2040, adopted 2 March 2026 (very recent), combined doc incl. policies maps. Blocked from independent fetch by robots.txt but sourced directly from council's adopted-plan page"
Bolsover District Council,E60000078,Bolsover District Council,https://www.bolsover.gov.uk,UK-ENG-E60000078,local_plan,https://committees.bolsover.gov.uk/documents/s5325/Appendix%20A%20-%20Local%20Plan%20for%20Bolsover%20District.pdf,pending_ingest,"Local Plan for Bolsover District, adopted March 2020 (covers 2014-2033), verified content/title/date. This is a committee-appendix mirror rather than a dedicated document-library URL - no cleaner link found on bolsover.gov.uk itself"
Chesterfield Borough Council,E60000079,Chesterfield Borough Council,https://www.chesterfield.gov.uk,UK-ENG-E60000079,local_plan,https://chesterfield.gov.uk/media/wfebaonf/chesterfield-borough-local-plan-2018-2035.pdf,pending_ingest,verified; adopted 15 Jul 2020
Derbyshire Dales District Council,E60000080,Derbyshire Dales District Council,https://www.derbyshiredales.gov.uk,UK-ENG-E60000080,local_plan,https://www.derbyshiredales.gov.uk/documents/dddc-adopted-local-plan-2017-2/download,pending_ingest,"Local Plan 2013-2033, adopted 2017. Sourced from planning.data.gov.uk registry; council's own robots.txt blocked direct fetch verification"
Erewash Borough Council,E60000081,Erewash Borough Council,https://www.erewash.gov.uk,UK-ENG-E60000081,local_plan_core_strategy,https://www.erewash.gov.uk/sites/default/files/2025-02/ErewashCoreStrategy2011-2028.pdf,pending_ingest,no single up-to-date Local Plan; policy rests on Core Strategy (adopted March 2014) + saved 2005 policies (amended 2014). Erewash's plan-making has been under central-government intervention since 2023 for delay
High Peak Borough Council,E60000082,High Peak Borough Council,https://www.highpeak.gov.uk,UK-ENG-E60000082,local_plan,https://www.highpeak.gov.uk/media/160/The-High-Peak-Local-Plan-Adopted-April-2016/pdf/The_High_Peak_Local_Plan_Adopted_April_2016.pdf,pending_ingest,adopted April 2016; council describes it as 'partially out of date' but it remains the adopted plan while a 2016-2041 review is underway
North East Derbyshire District Council,E60000083,North East Derbyshire District Council,https://www.ne-derbyshire.gov.uk,UK-ENG-E60000083,local_plan,https://www.ne-derbyshire.gov.uk/documents/adopted-ned-local-plan-2014-2034/download?Itemid=189,pending_ingest,adopted 29 Nov 2021. Sourced via planning.data.gov.uk registry; council's own site returned 403 to direct fetch
South Derbyshire District Council,E60000084,South Derbyshire District Council,https://www.southderbyshire.gov.uk/,UK-ENG-E60000084,local_plan_part1,https://www.southderbyshire.gov.uk/assets/attach/11431/Local-Plan-Part-1-Full-Version.pdf,pending_ingest,Part 1 strategy adopted June 2016; Part 2 site allocations/development management adopted Nov 2017
Blaby District Council,E60000085,Blaby District Council,https://www.blaby.gov.uk,UK-ENG-E60000085,local_plan_core_strategy,https://www.blaby.gov.uk/media/4107/adopted-core-strategy.pdf,pending_ingest,"Core Strategy adopted Feb 2013; Delivery DPD adopted Feb 2019, both verified"
Charnwood Borough Council,E60000086,Charnwood Borough Council,https://www.charnwood.gov.uk,UK-ENG-E60000086,local_plan,https://www.charnwood.gov.uk/files/documents/charnwood_local_plan_2021_371/Charnwood%20Local%20Plan%202021-37.pdf,pending_ingest,"verified; Charnwood Local Plan 2021-37 adopted 19 Jan 2026 (very recent), supersedes older 2011-2028 Core Strategy"
Harborough District Council,E60000087,Harborough District Council,https://www.harborough.gov.uk,UK-ENG-E60000087,local_plan,https://www.harborough.gov.uk/downloads/file/5714/harborough_local_plan_2011-2031_-_adopted_april_2019,pending_ingest,"adopted April 2019; a newer Local Plan 2020-41 is in preparation/examination, not yet adopted"
Hinckley and Bosworth Borough Council,E60000088,Hinckley and Bosworth Borough Council,https://www.hinckley-bosworth.gov.uk,UK-ENG-E60000088,local_plan_core_strategy,https://www.hinckley-bosworth.gov.uk/downloads/file/487/core_strategy_adopted_document,pending_ingest,Site Allocations DPD adopted July 2016; a 2024-2045 review is underway but not yet adopted
Melton Borough Council,E60000089,Melton Borough Council,https://www.melton.gov.uk,UK-ENG-E60000089,local_plan,https://www.meltonplan.co.uk/_files/ugd/2778e0_35bd1d8004d24a8ca36e517409fc1456.pdf,pending_ingest,"Melton Local Plan 2011-2036, adopted 10 Oct 2018; a review is underway, not yet adopted"
North West Leicestershire District Council,E60000090,North West Leicestershire District Council,https://www.nwleics.gov.uk,UK-ENG-E60000090,local_plan,https://www.nwleics.gov.uk/files/documents/north_west_leicestershire_local_plan_as_amended_by_the_partial_review1/Adopted%20Written%20Statement%202021%20-%20public%20copy%20(4).pdf,pending_ingest,"Local Plan 2011-2031 as amended by Partial Review, adopted 16 Mar 2021"
Oadby and Wigston Borough Council,E60000091,Oadby and Wigston Borough Council,https://oadby-wigston.gov.uk,UK-ENG-E60000091,local_plan,https://www.oadby-wigston.gov.uk/files/documents/borough_of_oadby_and_wigston_local_plan/New%20Local%20Plan%20Adopted%20Version%2005-04-19.pdf,pending_ingest,"Local Plan 2011-2031, adopted 16 Apr 2019; no newer plan since"
Boston Borough Council,E60000092,Boston Borough Council,https://www.boston.gov.uk,UK-ENG-E60000092,local_plan,https://southeastlincslocalplan.org/media/21941/South-East-Lincolnshire-Local-Plan-2011-2036/pdf/Local-Plan-text-March-2019.pdf,pending_ingest,"joint South East Lincolnshire Local Plan 2011-2036 shared with South Holland District Council, adopted March 2019"
East Lindsey District Council,E60000093,East Lindsey District Council,https://www.e-lindsey.gov.uk,UK-ENG-E60000093,local_plan_core_strategy,https://www.e-lindsey.gov.uk/media/9791/Core-Strategy/pdf/Final_Version_of_Core_Strategy_2018.pdf,pending_ingest,"East Lindsey Local Plan, adopted 18 Jul 2018; a review is underway, not yet adopted"
City of Lincoln Council,E60000094,City of Lincoln Council,https://www.lincoln.gov.uk,UK-ENG-E60000094,local_plan,https://www.n-kesteven.gov.uk/sites/default/files/2023-04/Local%20Plan%20for%20adoption%20Approved%20by%20Committee.pdf,pending_ingest,"joint Central Lincolnshire Local Plan shared with North Kesteven and West Lindsey, adopted 13 Apr 2023"
North Kesteven District Council,E60000095,North Kesteven District Council,https://www.n-kesteven.gov.uk,UK-ENG-E60000095,local_plan,https://www.n-kesteven.gov.uk/sites/default/files/2023-04/Local%20Plan%20for%20adoption%20Approved%20by%20Committee.pdf,pending_ingest,"joint Central Lincolnshire Local Plan shared with City of Lincoln and West Lindsey, adopted 13 Apr 2023"
South Holland District Council,E60000096,South Holland District Council,https://www.sholland.gov.uk,UK-ENG-E60000096,local_plan,https://southeastlincslocalplan.org/media/21941/South-East-Lincolnshire-Local-Plan-2011-2036/pdf/Local-Plan-text-March-2019.pdf,pending_ingest,"joint South East Lincolnshire Local Plan shared with Boston Borough Council, adopted March 2019"
South Kesteven District Council,E60000097,South Kesteven District Council,https://www.southkesteven.gov.uk,UK-ENG-E60000097,local_plan,https://www.southkesteven.gov.uk/sites/default/files/2023-08/Local_Plan_2011-2036_(Final_inc_covers)%20(1).pdf,pending_ingest,"South Kesteven Local Plan 2011-2036, adopted Jan 2020; a review is at draft/consultation stage only"
West Lindsey District Council,E60000098,West Lindsey District Council,https://www.west-lindsey.gov.uk,UK-ENG-E60000098,local_plan,https://www.n-kesteven.gov.uk/sites/default/files/2023-04/Local%20Plan%20for%20adoption%20Approved%20by%20Committee.pdf,pending_ingest,"joint Central Lincolnshire Local Plan shared with City of Lincoln and North Kesteven, adopted 13 Apr 2023"
Corby Borough Council,E60000099,Corby Borough Council,https://www.corby.gov.uk,UK-ENG-E60000099,local_plan_core_strategy,https://cms.northnorthants.gov.uk/media/3595/download,pending_ingest,"Northamptonshire's district councils and county council were abolished 1 Apr 2021, replaced by North Northamptonshire Council and West Northamptonshire Council. This area is covered by North Northamptonshire Council, which has NOT adopted a unified new plan yet - current policy is the pre-2021 Joint Core Strategy plus this district's own legacy Part 2 plan, both rehosted on northnorthants.gov.uk. Links sourced from council's own current plan pages; robots.txt blocks automated fetch verification of the binaries themselves. Corby Part 2 Local Plan adopted Sep 2021."
Daventry District Council,E60000100,Daventry District Council,https://www.daventrydc.gov.uk,UK-ENG-E60000100,local_plan_core_strategy,https://cms.westnorthants.gov.uk/media/1183/download,pending_ingest,"Northamptonshire's district councils and county council were abolished 1 Apr 2021, replaced by North Northamptonshire Council and West Northamptonshire Council. This area is covered by West Northamptonshire Council, which has NOT adopted a unified new plan yet - current policy is the pre-2021 Joint Core Strategy plus this district's own legacy Part 2 plan, both rehosted on westnorthants.gov.uk. Links sourced from council's own current plan pages; robots.txt blocks automated fetch verification of the binaries themselves. Daventry Settlements and Countryside Local Plan Part 2 2011-2029 adopted Feb 2020."
East Northamptonshire Council,E60000101,East Northamptonshire Council,https://www.east-northamptonshire.gov.uk,UK-ENG-E60000101,local_plan_core_strategy,https://cms.northnorthants.gov.uk/media/3595/download,pending_ingest,"Northamptonshire's district councils and county council were abolished 1 Apr 2021, replaced by North Northamptonshire Council and West Northamptonshire Council. This area is covered by North Northamptonshire Council, which has NOT adopted a unified new plan yet - current policy is the pre-2021 Joint Core Strategy plus this district's own legacy Part 2 plan, both rehosted on northnorthants.gov.uk. Links sourced from council's own current plan pages; robots.txt blocks automated fetch verification of the binaries themselves. East Northamptonshire Local Plan Part 2 adopted Dec 2023."
Kettering Borough Council,E60000102,Kettering Borough Council,https://www.kettering.gov.uk,UK-ENG-E60000102,local_plan_core_strategy,https://cms.northnorthants.gov.uk/media/3595/download,pending_ingest,"Northamptonshire's district councils and county council were abolished 1 Apr 2021, replaced by North Northamptonshire Council and West Northamptonshire Council. This area is covered by North Northamptonshire Council, which has NOT adopted a unified new plan yet - current policy is the pre-2021 Joint Core Strategy plus this district's own legacy Part 2 plan, both rehosted on northnorthants.gov.uk. Links sourced from council's own current plan pages; robots.txt blocks automated fetch verification of the binaries themselves. Kettering Site Specific Part 2 Local Plan adopted Dec 2021."
Northampton Borough Council,E60000103,Northampton Borough Council,https://www.northampton.gov.uk,UK-ENG-E60000103,local_plan_core_strategy,https://cms.westnorthants.gov.uk/media/1183/download,pending_ingest,"Northamptonshire's district councils and county council were abolished 1 Apr 2021, replaced by North Northamptonshire Council and West Northamptonshire Council. This area is covered by West Northamptonshire Council, which has NOT adopted a unified new plan yet - current policy is the pre-2021 Joint Core Strategy plus this district's own legacy Part 2 plan, both rehosted on westnorthants.gov.uk. Links sourced from council's own current plan pages; robots.txt blocks automated fetch verification of the binaries themselves. Northampton Local Plan Part 2 2011-2029 adopted Mar 2023."
South Northamptonshire Council,E60000104,South Northamptonshire Council,https://www.southnorthants.gov.uk,UK-ENG-E60000104,local_plan_core_strategy,https://cms.westnorthants.gov.uk/media/1183/download,pending_ingest,"Northamptonshire's district councils and county council were abolished 1 Apr 2021, replaced by North Northamptonshire Council and West Northamptonshire Council. This area is covered by West Northamptonshire Council, which has NOT adopted a unified new plan yet - current policy is the pre-2021 Joint Core Strategy plus this district's own legacy Part 2 plan, both rehosted on westnorthants.gov.uk. Links sourced from council's own current plan pages; robots.txt blocks automated fetch verification of the binaries themselves. South Northamptonshire Local Plan Part 2 2011-2029 adopted Jul 2020."
Wellingborough Borough Council,E60000105,Wellingborough Borough Council,https://www.wellingborough.gov.uk,UK-ENG-E60000105,local_plan_core_strategy,https://cms.northnorthants.gov.uk/media/3595/download,pending_ingest,"Northamptonshire's district councils and county council were abolished 1 Apr 2021, replaced by North Northamptonshire Council and West Northamptonshire Council. This area is covered by North Northamptonshire Council, which has NOT adopted a unified new plan yet - current policy is the pre-2021 Joint Core Strategy plus this district's own legacy Part 2 plan, both rehosted on northnorthants.gov.uk. Links sourced from council's own current plan pages; robots.txt blocks automated fetch verification of the binaries themselves. Wellingborough's own Part 2 plan could NOT be queued - it is only available via a third-party document portal (northnorthants.objective.co.uk) that returned 403 on fetch, not a plain PDF. Only the joint Core Strategy is queued for this council; Part 2 needs a follow-up pass."
Ashfield District Council,E60000106,Ashfield District Council,https://www.ashfield.gov.uk,UK-ENG-E60000106,local_plan,https://www.ashfield.gov.uk/media/kvyhavaq/adopted-local-plan-november-2002.pdf,pending_ingest,"verified; current adopted plan is still the Ashfield Local Plan Review, adopted November 2002 (saved policies) - a 2023-2040 replacement is in examination, not yet adopted"
Bassetlaw District Council,E60000107,Bassetlaw District Council,https://www.bassetlaw.gov.uk,UK-ENG-E60000107,local_plan,https://www.bassetlaw.gov.uk/media/gn1kjm1b/adopted-bassetlaw-local-plan-2020-2038.pdf,pending_ingest,"verified; Bassetlaw Local Plan 2020-2038, adopted 29 May 2024, supersedes the 2011 Core Strategy/DM Policies DPD"
Broxtowe Borough Council,E60000108,Broxtowe Borough Council,https://www.broxtowe.gov.uk,UK-ENG-E60000108,local_plan_core_strategy,https://www.broxtowe.gov.uk/media/2160/broxtowe-aligned-core-strategy.pdf,pending_ingest,"Part 1 Greater Nottingham Aligned Core Strategy (joint with Gedling/Nottingham City) adopted Sept 2014, verified; Part 2 adopted October 2019, large PDF confirmed but not independently content-verified beyond size"
Gedling Borough Council,E60000109,Gedling Borough Council,https://www.gedling.gov.uk,UK-ENG-E60000109,local_plan_core_strategy,https://www.gedling.gov.uk/sites/default/files/2025-08/ACS%20Main%20Publication%20First%20Draft%20%28August%202014%29%203-9-14.pdf,pending_ingest,Aligned Core Strategy (joint with Broxtowe/Nottingham City) adopted 10 Sep 2014; Part 2 adopted Jul 2018; all verified
Mansfield District Council,E60000110,Mansfield District Council,https://www.mansfield.gov.uk,UK-ENG-E60000110,local_plan,https://www.mansfield.gov.uk/downloads/file/1645/mdc-adopted-local-plan-2020,pending_ingest,"verified; Local Plan 2013-2033, adopted Sep 2020"
Newark and Sherwood District Council,E60000111,Newark and Sherwood District Council,https://www.newark-sherwooddc.gov.uk,UK-ENG-E60000111,local_plan_core_strategy,https://www.newark-sherwooddc.gov.uk/media/nsdc-redesign/documents-and-images/your-council/planning-policy/local-development-framework/amended-core-strategy-dpd/amended-core-strategy-DPD.pdf,pending_ingest,"Amended Core Strategy DPD adopted Mar 2019, verified. Allocations & Development Management DPD adopted 16 Jul 2013 - official URL returned 403 from the fetch proxy on repeat attempts (looked transient/proxy-side); content/adoption date independently confirmed via a mirror at cartogold.co.uk. Spot-check the official URL directly before trusting it in the pipeline"
Rushcliffe Borough Council,E60000112,Rushcliffe Borough Council,https://www.rushcliffe.gov.uk,UK-ENG-E60000112,local_plan_core_strategy,https://www.rushcliffe.gov.uk/media/y1pbquqz/local-plan-part-1-rushcliffe-core-strategy.pdf,pending_ingest,Part 1 Core Strategy adopted Dec 2014; Part 2 Land and Planning Policies adopted Oct 2019; both verified
Herefordshire Council,E60000113,Herefordshire Council,https://www.herefordshire.gov.uk,UK-ENG-E60000113,local_plan_core_strategy,https://www.herefordshire.gov.uk/media/4i4fp5bb/core_strategy_sections_combined.pdf,pending_ingest,"Core Strategy 2011-2031, adopted 16 Oct 2015. URL sourced live from council's own adopted-plan page, but a direct fetch check was blocked by robots.txt - not independently confirmed, spot-check before ingest"
Shropshire Council,E60000114,Shropshire Council,https://www.shropshire.gov.uk,UK-ENG-E60000114,local_plan_core_strategy,https://next.shropshire.gov.uk/media/ImportedMedia/8534/core-strategy.pdf,pending_ingest,"Core Strategy adopted 24 Feb 2011; Site Allocations & Management of Development Plan (SAMDev) adopted 17 Dec 2015; both verified. A full new Local Plan is in Regulation 18 draft, not yet adopted"
Stoke-on-Trent City Council,E60000115,Stoke-on-Trent City Council,https://www.stoke.gov.uk,UK-ENG-E60000115,local_plan_core_strategy,https://www.stoke.gov.uk/download/downloads/id/532/adopted_core_spatial_strategy_2009.pdf,pending_ingest,"verified; joint Newcastle-under-Lyme & Stoke-on-Trent Core Spatial Strategy, adopted Oct 2009, still adopted with saved policies. A new City Local Plan 2020-2040 is in preparation, not yet adopted"
Telford & Wrekin Council,E60000116,Telford & Wrekin Council,https://www.telford.gov.uk,UK-ENG-E60000116,local_plan,https://www.telford.gov.uk/media/zvodresh/telford_and_wrekin_local_plan_2011_2031_adopted_jan_2018.pdf,pending_ingest,"verified; Local Plan 2011-2031, adopted 11 Jan 2018"
Cannock Chase District Council,E60000117,Cannock Chase District Council,https://www.cannockchasedc.gov.uk,UK-ENG-E60000117,local_plan,https://www.cannockchasedc.gov.uk/sites/default/files/document-library/Cannock%20Chase%20Local%20Plan%202018%20-%202040%20-%20Adoption%20Version.pdf,pending_ingest,"verified; Local Plan 2018-2040, adopted 23 Mar 2026 (very recent), supersedes old 2014 Part 1 plan"
East Staffordshire Borough Council,E60000118,East Staffordshire Borough Council,https://www.eaststaffsbc.gov.uk,UK-ENG-E60000118,local_plan,https://www.eaststaffsbc.gov.uk/sites/default/files/docs/planning/planningpolicy/localplan2012-2031/Local-Plan-2012-2031-FINAL.pdf,pending_ingest,Local Plan 2012-2031; fetch timed out on the large file (twice) but URL pattern matches other confirmed files in the same directory - spot-check before ingest
Lichfield District Council,E60000119,Lichfield District Council,https://www.lichfielddc.gov.uk,UK-ENG-E60000119,local_plan_core_strategy,https://www.lichfielddc.gov.uk/downloads/file/235/local-plan-strategy,pending_ingest,"verified; Local Plan Strategy 2008-2029, adopted 17 Feb 2015. A separate Allocations Document exists but no working direct PDF link was found"
Newcastle-under-Lyme Borough Council,E60000120,Newcastle-under-Lyme Borough Council,https://www.newcastle-staffs.gov.uk,UK-ENG-E60000120,local_plan,https://www.newcastle-staffs.gov.uk/downloads/file/3987/final-local-plan,pending_ingest,"Local Plan 2020-2040, adopted 8 July 2026 (very recent), replaces old 2011 saved policies. Policies map split into 6 tiles, only the central-north tile queued here"
South Staffordshire Council,E60000121,South Staffordshire Council,https://www.sstaffs.gov.uk,UK-ENG-E60000121,local_plan_core_strategy,https://www.sstaffs.gov.uk/sites/default/files/2023-02/Core%20Strategy%20Dev%20Plan%20Doc.pdf,pending_ingest,"verified; Core Strategy 2012, Site Allocations Document 2018"
Stafford Borough Council,E60000122,Stafford Borough Council,https://www.staffordbc.gov.uk,UK-ENG-E60000122,local_plan_part1,https://www.staffordbc.gov.uk/pfsb-adoption-2011-2031,pending_ingest,"The Plan for Stafford Borough 2011-2031 (Part 1 adopted 19 June 2014, Part 2 adopted 31 Jan 2017) remains current since the newer 2020-2040 plan's work stopped March 2025. These are LANDING PAGES, not confirmed direct PDF URLs - the ingest script's %PDF- check will likely reject them; needs a follow-up pass to find the actual file links"
Staffordshire Moorlands District Council,E60000123,Staffordshire Moorlands District Council,https://www.staffsmoorlands.gov.uk,UK-ENG-E60000123,local_plan,https://www.staffsmoorlands.gov.uk/media/6155/Adopted-Local-Plan/pdf/Adopted_Local_Plan.pdf?m=1601645140880,pending_ingest,"verified; Local Plan 2014-2033, adopted 9 Sept 2020"
Tamworth Borough Council,E60000124,Tamworth Borough Council,https://www.tamworth.gov.uk,UK-ENG-E60000124,local_plan,https://www.tamworth.gov.uk/sites/default/files/planning_docs/Local-Plan-2006-2031.pdf,pending_ingest,"verified; Local Plan 2006-2031, adopted 23 Feb 2016"
North Warwickshire Borough Council,E60000125,North Warwickshire Borough Council,https://www.northwarks.gov.uk,UK-ENG-E60000125,local_plan,https://www.northwarks.gov.uk/downloads/file/265/local-plan-adopted-2021-,pending_ingest,Local Plan adopted 2021
Nuneaton and Bedworth Borough Council,E60000126,Nuneaton and Bedworth Borough Council,https://www.nuneatonandbedworth.gov.uk,UK-ENG-E60000126,local_plan,https://fs-filestore-eu.s3.eu-west-1.amazonaws.com/nuneaton/Documents/Borough%20Plan%20Review%20%282021-2039%29.pdf,pending_ingest,"Borough Plan Review 2021-2039, formally adopted 10 Dec 2025 (very recent), supersedes the 2011-2031 Borough Plan"
Rugby Borough Council,E60000127,Rugby Borough Council,https://www.rugby.gov.uk,UK-ENG-E60000127,local_plan,https://www.rugby.gov.uk/documents/20124/6585161/FINAL_LOCAL_PLAN_21.06.19.pdf,pending_ingest,"verified; Local Plan 2011-2031, adopted June 2019"
Stratford-on-Avon District Council,E60000128,Stratford-on-Avon District Council,https://www.stratford.gov.uk,UK-ENG-E60000128,local_plan_core_strategy,https://www.stratford.gov.uk/doc/173518/name/SDC%20CORE%20STRATEGY%202011%202031%20July%202016.pdf,pending_ingest,"Core Strategy 2011-2031, adopted July 2016. A joint South Warwickshire Local Plan with Warwick DC is in preparation, not yet adopted"
Warwick District Council,E60000129,Warwick District Council,https://www.warwickdc.gov.uk,UK-ENG-E60000129,local_plan,https://www.warwickdc.gov.uk/download/downloads/id/7528/sd1_-_warwick_district_local_plan_2011-2029.pdf,pending_ingest,"Local Plan 2011-2029, adopted Sept 2017. Replacement (South Warwickshire Local Plan, joint with Stratford-on-Avon) not yet adopted"
Birmingham City Council,E60000130,Birmingham City Council,https://www.birmingham.gov.uk,UK-ENG-E60000130,local_plan,https://www.birmingham.gov.uk/download/downloads/id/5433/adopted_birmingham_development_plan_2031.pdf,pending_ingest,Birmingham Development Plan 2031
Coventry City Council,E60000131,Coventry City Council,https://www.coventry.gov.uk,UK-ENG-E60000131,local_plan,https://www.coventry.gov.uk/downloads/file/25899/final_local_plan_december_2017.pdf,pending_ingest,"Coventry Local Plan 2011-2031, adopted 6 Dec 2017"
Dudley Metropolitan Borough Council,E60000132,Dudley Metropolitan Borough Council,https://www.dudley.gov.uk,UK-ENG-E60000132,local_plan_part1,https://www.dudley.gov.uk/media/hwsnxjjh/part-one-dudley-local-plan-version-for-adoption.pdf,pending_ingest,"Dudley Local Plan 2041, adopted 13 July 2026 (very recent), supersedes the old joint Black Country Core Strategy/UDP saved policies for Dudley. robots.txt blocked automated re-fetch verification, sourced directly from Dudley's own local-plan page"
Sandwell Metropolitan Borough Council,E60000133,Sandwell Metropolitan Borough Council,https://www.sandwell.gov.uk,UK-ENG-E60000133,local_plan_core_strategy,https://www.sandwell.gov.uk/downloads/file/771/black-country-core-strategy-main-document-,pending_ingest,"core strategy is the joint Black Country Core Strategy (2011, shared with Dudley/Sandwell/Walsall/Wolverhampton) - a replacement standalone plan is in preparation/examination for most of these but not yet adopted. Sandwell's own standalone Local Plan is in examination (submitted Dec 2024), not yet adopted. Site Allocations and Delivery DPD adopted Dec 2012"
Solihull Metropolitan Borough Council,E60000134,Solihull Metropolitan Borough Council,https://www.solihull.gov.uk,UK-ENG-E60000134,local_plan,https://www.solihull.gov.uk/sites/default/files/migrated/Planning_LDF_Local_Plan_Final.pdf,pending_ingest,"verified via fetch (title page confirmed); Solihull Local Plan: Shaping a Sustainable Future, adopted Dec 2013. Some housing/Green Belt elements were subject to legal challenge but most of the plan remains adopted"
Walsall Metropolitan Borough Council,E60000135,Walsall Metropolitan Borough Council,https://www.walsall.gov.uk,UK-ENG-E60000135,local_plan_core_strategy,https://go.walsall.gov.uk/sites/default/files/2022-09/Black%20Country%20Core%20Strategy.pdf,pending_ingest,"core strategy is the joint Black Country Core Strategy (2011, shared with Dudley/Sandwell/Walsall/Wolverhampton) - a replacement standalone plan is in preparation/examination for most of these but not yet adopted. Site Allocations DPD adopted 2019; Annotated 2019 UDP carries saved development-management policies"
City of Wolverhampton Council,E60000136,City of Wolverhampton Council,https://www.wolverhampton.gov.uk,UK-ENG-E60000136,local_plan_core_strategy,https://www.wolverhampton.gov.uk/sites/default/files/2022-02/black-country-core-strategy-final-version.pdf,pending_ingest,"core strategy is the joint Black Country Core Strategy (2011, shared with Dudley/Sandwell/Walsall/Wolverhampton) - a replacement standalone plan is in preparation/examination for most of these but not yet adopted. Wolverhampton's own 'Wolverhampton Local Plan 2042' is at Regulation 19 publication/examination stage, not yet adopted. Second doc is saved UDP policies & policies map designations (2023 version)"
Bromsgrove District Council,E60000137,Bromsgrove District Council,https://www.bromsgrove.gov.uk,UK-ENG-E60000137,local_plan,https://www.bromsgrove.gov.uk/media/oigmwsdh/adopted-bromsgrove-district-plan-2011-2030.pdf,pending_ingest,"Bromsgrove District Plan 2011-2030, adopted Jan 2017. This is Bromsgrove's OWN separate document, not a joint plan with Redditch (a proposed joint plan was abandoned)"
Malvern Hills District Council,E60000138,Malvern Hills District Council,https://www.malvernhills.gov.uk,UK-ENG-E60000138,local_plan,https://www.swdevelopmentplan.org/filelink/fileman-files/SWDPR%20Adopted%20Plan%2026%20March%202026/South%20Worcestershire%20Development%20Plan%20Review%20-%20Adopted%20March%202026.pdf,pending_ingest,"joint South Worcestershire Development Plan Review (with Malvern Hills/Worcester/Wychavon), adopted 26 March 2026, verified real PDF via fetch"
Redditch Borough Council,E60000139,Redditch Borough Council,https://www.redditchbc.gov.uk,UK-ENG-E60000139,local_plan,https://www.redditchbc.gov.uk/media/tbodcekr/adopted-borough-of-redditch-local-plan-no4-2011-2030.pdf,pending_ingest,"Borough of Redditch Local Plan No.4 (2011-2030) - Redditch's own separate adopted document, distinct from the South Worcestershire authorities' joint plan. Policies map is an interactive tool only, no PDF"
Worcester City Council,E60000140,Worcester City Council,https://www.worcester.gov.uk,UK-ENG-E60000140,local_plan,https://www.swdevelopmentplan.org/filelink/fileman-files/SWDPR%20Adopted%20Plan%2026%20March%202026/South%20Worcestershire%20Development%20Plan%20Review%20-%20Adopted%20March%202026.pdf,pending_ingest,"joint South Worcestershire Development Plan Review (with Malvern Hills/Worcester/Wychavon), adopted 26 March 2026, verified real PDF via fetch"
Wychavon District Council,E60000141,Wychavon District Council,https://www.wychavon.gov.uk,UK-ENG-E60000141,local_plan,https://www.swdevelopmentplan.org/filelink/fileman-files/SWDPR%20Adopted%20Plan%2026%20March%202026/South%20Worcestershire%20Development%20Plan%20Review%20-%20Adopted%20March%202026.pdf,pending_ingest,"joint South Worcestershire Development Plan Review (with Malvern Hills/Worcester/Wychavon), adopted 26 March 2026, verified real PDF via fetch"
Wyre Forest District Council,E60000142,Wyre Forest District Council,https://www.wyreforestdc.gov.uk,UK-ENG-E60000142,local_plan,,pending_discovery,"Wyre Forest District Local Plan (2016-2036), adopted April 2022, has NO downloadable PDF - published only through an interactive 'Objective' web portal (wyreforestdc.objective.co.uk/portal/alp) and an interactive policies map (maps.wyreforestdc.gov.uk). Confirmed via the council's own page: 'not available as a direct PDF download... accessible through an interactive consultation portal.' Same category of blocker as South Tyneside - needs a pipeline extension (e.g. print-to-PDF) before it can be ingested."
Bedford Borough Council,E60000143,Bedford Borough Council,https://www.bedford.gov.uk,UK-ENG-E60000143,local_plan,https://www.bedford.gov.uk/files/local-plan-2030.pdf/download?inline,pending_ingest,"Bedford Borough Local Plan 2030, adopted 15 Jan 2020. A newer 'Local Plan 2040' was withdrawn"
Central Bedfordshire Council,E60000144,Central Bedfordshire Council,https://www.centralbedfordshire.gov.uk,UK-ENG-E60000144,local_plan,https://www.becentralbedfordshire.co.uk/media/cttbljko/central-bedfordshire-local-plan-2015-2035.pdf,pending_ingest,"Central Bedfordshire Local Plan 2015-2035, adopted July 2021. Council's own page links only to a SharePoint URL (not usable for automated download); this is a third-party mirror (Central Bedfordshire BID site) that returned a large binary response consistent with a PDF - spot-check before ingest"
Luton Borough Council,E60000145,Luton Borough Council,https://www.luton.gov.uk,UK-ENG-E60000145,local_plan,https://www.luton.gov.uk/sites/default/files/migrated/Environment/Lists/LutonDocuments/PDF/Local%20Plan/adoption/Luton-Local-Plan-2011-2031-November-2017.pdf,pending_ingest,"verified; Luton Local Plan 2011-2031, adopted 7 Nov 2017"
Peterborough City Council,E60000146,Peterborough City Council,https://www.peterborough.gov.uk,UK-ENG-E60000146,local_plan,https://cccandpcc.sharepoint.com/:b:/s/PCCPlanningPolicyPublicData/EQB6DlKH3nBRRo9tos1GzYEB-wZgAaBU5v1CIqEB7nJKDA?e=OQrCet,pending_ingest,"Peterborough Local Plan, adopted 24 July 2019. This is a SharePoint sharing link (council's official link, robots.txt blocked verification) - may not resolve to a plain PDF download for automated fetch, needs a follow-up pass to find a direct file URL if this fails ingest"
Southend-on-Sea Borough Council,E60000147,Southend-on-Sea Borough Council,https://www.southend.gov.uk,UK-ENG-E60000147,local_plan_core_strategy,https://www.southend.gov.uk/downloads/file/7023/core-strategy-dpd1-document-2007-,pending_ingest,"no single unified Local Plan - Core Strategy DPD1 adopted Dec 2007 + Development Management DPD adopted July 2015, plus saved 1994 policies not queued. New Southend Local Plan still in preparation"
Thurrock Council,E60000148,Thurrock Council,https://www.thurrock.gov.uk,UK-ENG-E60000148,local_plan,https://www.thurrock.gov.uk/sites/default/files/assets/documents/core_strategy_adopted_2011_amended_2015.pdf,pending_ingest,"Core Strategy and Policies for Management of Development, adopted 2011, amended Jan 2015. A new Local Plan is in examination, not yet adopted"
Cambridge City Council,E60000149,Cambridge City Council,https://www.cambridge.gov.uk,UK-ENG-E60000149,local_plan,https://www.greatercambridgeplanning.org/media/s4lbyx3z/local-plan-2018.pdf,pending_ingest,"verified (14MB PDF); Cambridge Local Plan 2018, adopted 18 Oct 2018. Prepared jointly with South Cambridgeshire (shared evidence base) but each adopted its own separate document"
East Cambridgeshire District Council,E60000150,East Cambridgeshire District Council,https://www.eastcambs.gov.uk,UK-ENG-E60000150,local_plan,https://eastcambs.gov.uk/sites/default/files/2024-10/Local%20Plan%20adopted%2019%20October%202023%20-%20final%20with%20cover.pdf,pending_ingest,"verified; Local Plan adopted April 2015, amended Oct 2023 (Policy GROWTH 1 only)"
Fenland District Council,E60000151,Fenland District Council,https://www.fenland.gov.uk,UK-ENG-E60000151,local_plan,https://www.fenland.gov.uk/media/12064/Fenland-Local-Plan-Adopted-2014/pdf/Fenland_Local_Plan-Adopted_2014.pdf?m=1591111057500,pending_ingest,"Fenland Local Plan, adopted May 2014. URL confirmed via search; WebFetch got a 403 anti-bot block rather than a dead link - spot-check before ingest"
Huntingdonshire District Council,E60000152,Huntingdonshire District Council,https://www.huntingdonshire.gov.uk,UK-ENG-E60000152,local_plan,https://huntingdonshire.gov.uk/media/3872/190516-final-adopted-local-plan-to-2036.pdf,pending_ingest,"verified; Huntingdonshire's Local Plan to 2036, adopted 15 May 2019"
South Cambridgeshire District Council,E60000153,South Cambridgeshire District Council,https://www.scambs.gov.uk,UK-ENG-E60000153,local_plan,https://www.scambs.gov.uk/media/h0vjdqxj/south-cambridgeshire-adopted-local-plan-2018-1.pdf,pending_ingest,"verified (full 321-page adopted plan); South Cambridgeshire Local Plan 2018, adopted 27 Sept 2018. Prepared jointly with Cambridge City (shared evidence base) but each adopted its own separate document"
Basildon Borough Council,E60000154,Basildon Borough Council,https://www.basildon.gov.uk,UK-ENG-E60000154,local_plan,https://www.basildon.gov.uk/media/598/Basildon-District-Local-Plan-Saved-Policies-September-2007/pdf/Basildon_District_Local_Plan_Saved_Policies_-_September_2007.pdf?m=1540381932580,pending_ingest,"no modern Local Plan adopted; current development plan is the legacy Basildon District Local Plan (Saved Policies), Sept 2007 (originally adopted 1998). A new Local Plan 2023-2043 is still in draft/Reg 19 stage. URL confirmed via two independent search snapshots; WebFetch blocked by 403 anti-bot response - spot-check before ingest"
Braintree District Council,E60000155,Braintree District Council,https://www.braintree.gov.uk,UK-ENG-E60000155,local_plan,https://www.braintree.gov.uk/downloads/file/3553/local-plan-2033-s1-and-s2-pdf-minus-maps,pending_ingest,"verified; Local Plan 2013-2033 Sections 1 & 2, adopted 25 July 2022 (Section 1 is the shared North Essex Authorities strategic plan with Colchester/Tendring)"
Brentwood Borough Council,E60000156,Brentwood Borough Council,https://www.brentwood.gov.uk,UK-ENG-E60000156,local_plan,https://www.brentwood.gov.uk/sites/default/files/documents/20124/533660/Brentwood+Local+Plan+2016-2033.pdf?t=1648472176542,pending_ingest,"verified; Brentwood Local Plan 2016-2033, adopted March 2022"
Castle Point Borough Council,E60000157,Castle Point Borough Council,https://www.castlepoint.gov.uk,UK-ENG-E60000157,local_plan_saved_policies,https://www.castlepoint.gov.uk/documents/d/guest/saved-policies-pdf,pending_ingest,"new 'Castle Point Plan' is in Examination (hearings Sept 2026), not yet adopted - currently-adopted plan is the old (1998-era) saved-policies Local Plan, split into ~15 chapter/appendix PDFs; only the consolidated saved-policies doc + proposals map queued here"
Chelmsford City Council,E60000158,Chelmsford City Council,https://www.chelmsford.gov.uk,UK-ENG-E60000158,local_plan,https://www.chelmsford.gov.uk/media/id1jmniz/chelmsford-local-plan-may-2020-includes-a1-plans.pdf,pending_ingest,"Local Plan 2013-2036, adopted May 2020"
Colchester City Council,E60000159,Colchester City Council,https://www.colchester.gov.uk,UK-ENG-E60000159,local_plan_section1,https://cbccrmdata.blob.core.windows.net/noteattachment/CBC-Local-Plan-North-Essex-Authorities-Shared-Strategic-Section-1-Post%20Committee%20Colchester%2028th%20Jan%2021.pdf,pending_ingest,"verified; Section 1 (North Essex shared strategic, also used by Braintree/Tendring) adopted Feb 2021, Section 2 adopted July 2022"
Epping Forest District Council,E60000160,Epping Forest District Council,https://www.eppingforestdc.gov.uk,UK-ENG-E60000160,local_plan_part1,https://www.eppingforestdc.gov.uk/app/uploads/2023/03/EFD-Local-Plan-2011-2033-Part-One.pdf,pending_ingest,"verified (large real PDFs, Part One 48MB); Local Plan 2011-2033, adopted March 2023"
Harlow District Council,E60000161,Harlow District Council,https://www.harlow.gov.uk,UK-ENG-E60000161,local_plan,https://www.harlow.gov.uk/sites/default/files/documents/Harlow%20Local%20Development%20Plan.pdf,pending_ingest,"Local Development Plan, adopted Dec 2020"
Maldon District Council,E60000162,Maldon District Council,https://www.maldon.gov.uk,UK-ENG-E60000162,local_plan,https://www.maldon.gov.uk/download/downloads/id/14807/approved_maldon_district_local_development_plan_2014-2029.pdf,pending_ingest,"Local Development Plan 2014-2029, approved by Secretary of State 21 July 2017"
Rochford District Council,E60000163,Rochford District Council,https://www.rochford.gov.uk,UK-ENG-E60000163,local_plan_core_strategy,https://www.rochford.gov.uk/sites/default/files/2022-11/planningpolicy_cs_adoptedstrategy.pdf,pending_ingest,"new Local Plan still in Regulation 18 draft; currently-adopted is the older DPD suite (Core Strategy Dec 2011, Dev Management Dec 2014, Site Allocations Feb 2014)"
Tendring District Council,E60000164,Tendring District Council,https://www.tendringdc.gov.uk,UK-ENG-E60000164,local_plan_section1,https://legacy.tendringdc.gov.uk/sites/default/files/documents/planning/Planning_Policy/Section_1/Tendring%20District%20Local%20Plan%202013-2033%20and%20Beyond%20-%20Section%201.pdf,pending_ingest,"verified; Section 1 (North Essex shared strategic, also used by Braintree/Colchester) adopted Jan 2021, Section 2 adopted 25 Jan 2022. Hosted on a 'legacy.' subdomain"
Uttlesford District Council,E60000165,Uttlesford District Council,https://www.uttlesford.gov.uk,UK-ENG-E60000165,local_plan,https://www.uttlesford.gov.uk/media/14399/UDC-Local-Plan-2021-2041/pdf/UDC_Local_Plan_2021-2041-compressed_cghbzmfb3nr6.pdf,pending_ingest,"Local Plan 2021-2041, adopted April 2026 (very recent), supersedes the 2005 plan"
Broxbourne Borough Council,E60000166,Broxbourne Borough Council,https://www.broxbourne.gov.uk,UK-ENG-E60000166,local_plan,https://www.broxbourne.gov.uk/downloads/file/1571/cd5-1-local-plan-2018-2033-june-202,pending_ingest,"Local Plan 2018-2033, adopted 24 Jun 2020"
Dacorum Borough Council,E60000167,Dacorum Borough Council,https://www.dacorum.gov.uk,UK-ENG-E60000167,local_plan_core_strategy,https://www.dacorum.gov.uk/docs/default-source/strategic-planning/adopted-core-strategy-2013.pdf?sfvrsn=80753a9e_2,pending_ingest,Core Strategy 2013 + saved 1991-2011 Local Plan policies (no adopted Site Allocations DPD); a new Local Plan to 2041 is in preparation
East Hertfordshire District Council,E60000168,East Hertfordshire District Council,https://www.eastherts.gov.uk,UK-ENG-E60000168,local_plan,https://www.eastherts.gov.uk/media/31315/The-East-Herts-District-Plan-DP/PDF/DP.pdf,pending_ingest,"District Plan 2018, adopted Oct 2018; large PDF (~30MB+), existence verified but full text not independently readable"
Hertsmere Borough Council,E60000169,Hertsmere Borough Council,https://www.hertsmere.gov.uk,UK-ENG-E60000169,local_plan_core_strategy,https://www.hertsmere.gov.uk/asset-library/Documents/09-Planning-Building-Control/Planning-Policy/Planning-Publications/CD10-Core-Strategy-2013.pdf,pending_ingest,"Core Strategy adopted Jan 2013, Site Allocations and Development Management Policies (SADM) adopted Nov 2016"
North Hertfordshire District Council,E60000170,North Hertfordshire District Council,https://www.north-herts.gov.uk,UK-ENG-E60000170,local_plan,https://www.north-herts.gov.uk/sites/default/files/2022-12/North%20Hertfordshire%20Local%20Plan%202011-2031.pdf,pending_ingest,"Local Plan 2011-2031, adopted Nov 2022"
St Albans City and District Council,E60000171,St Albans City and District Council,https://www.stalbans.gov.uk,UK-ENG-E60000171,local_plan_saved_policies,https://www.stalbans.gov.uk/sites/default/files/documents/publications/planning-building-control/district-local-plan-review-1994/District%20Local%20Plan%20Review%201994%20Saved%20and%20Deleted%20Policies%20Version%20%5BJuly%202020%5D.pdf,pending_ingest,"no adopted new Local Plan exists - relies on saved policies from the 1994 District Local Plan Review; a Regulation 19 draft (Local Plan 2041) is in preparation. Large PDF (>30MB), existence confirmed, full text not independently readable"
Stevenage Borough Council,E60000172,Stevenage Borough Council,https://www.stevenage.gov.uk,UK-ENG-E60000172,local_plan,https://www.stevenage.gov.uk/documents/planning-policy/stevenage-borough-local-plan/stevenage-borough-local-plan.pdf,pending_ingest,"Stevenage Borough Local Plan 2011-2031, adopted May 2019, plus a Partial Update adopted 22 Jul 2026 (very recent) amending climate/housing/employment/Use Classes policies - both remain part of the current statutory plan"
Three Rivers District Council,E60000173,Three Rivers District Council,https://www.threerivers.gov.uk,UK-ENG-E60000173,local_plan_core_strategy,https://cdn-trdc.prod.trdc.blazecms.app/files/2023/01/945fc600-9ff2-11ed-8d80-6dc425ce7e94-core-strategy-adopted-17-oct-2011%20(1).pdf,pending_ingest,"Core Strategy adopted 17 Oct 2011, Site Allocations LDD adopted 25 Nov 2014, Development Management Policies LDD adopted Jul 2013. A new Local Plan 2026-2042 is in consultation, not yet adopted"
Watford Borough Council,E60000174,Watford Borough Council,https://www.watford.gov.uk,UK-ENG-E60000174,local_plan,https://www.watford.gov.uk/downloads/file/1264/watford-local-plan,pending_ingest,"Local Plan 2021-2038, adopted Oct 2021, single integrated document"
Welwyn Hatfield Borough Council,E60000175,Welwyn Hatfield Borough Council,https://www.welhat.gov.uk,UK-ENG-E60000175,local_plan,https://www.welhat.gov.uk/downloads/file/876/welwyn-hatfield-local-plan-2016-2036,pending_ingest,"Local Plan 2016-2036, adopted 12 Oct 2023. Policies Maps only hosted via Box.com link, not a direct PDF"
Breckland District Council,E60000176,Breckland District Council,https://www.breckland.gov.uk,UK-ENG-E60000176,local_plan,https://www.breckland.gov.uk/media/16659/Adopted-Breckland-Local-Plan/pdf/Appendix_4_-_Breckland_District_Council_Local_Plan_text_final-optimized.pdf,pending_ingest,"Breckland Local Plan, adopted Sept 2023. breckland.gov.uk blocks automated fetches (403) - URL confirmed via Google indexing and cross-referenced from planning.data.gov.uk's Local Plan Explorer, not independently opened - spot-check before ingest"
Broadland District Council,E60000177,Broadland District Council,https://www.broadland.gov.uk,UK-ENG-E60000177,local_plan_core_strategy,https://www.gnlp.org.uk/sites/gnlp/files/2024-12/Adopted_GNLP_2024_STRATEGY_final_24-10-18_0.pdf,pending_ingest,"joint Greater Norwich Local Plan (with Broadland/South Norfolk/Norwich, plus Norfolk County Council as partner), adopted March 2024"
Great Yarmouth Borough Council,E60000178,Great Yarmouth Borough Council,https://www.great-yarmouth.gov.uk,UK-ENG-E60000178,local_plan_site_allocations,https://docs.great-yarmouth.gov.uk/media/6579/Adopted-Local-Plan-Part-2-2021/pdf/Adopted_Local_Plan_Part_2_2021.pdf,pending_ingest,"new Great Yarmouth Local Plan 2021-2041 submitted for examination Feb 2025, NOT yet adopted - currently-adopted documents are the older two-part plan. Site Allocations (Local Plan Part 2, adopted 9 Dec 2021) sourced from planning.data.gov.uk's official document-url field. A Core Strategy (2013-2030, adopted 21 Dec 2015) also exists on a CMIS-hosted URL with an unwieldy signed-URL format that was not reliable enough to record here - needs a follow-up pass to find a cleaner link"
Borough Council of King's Lynn and West Norfolk,E60000179,Borough Council of King's Lynn and West Norfolk,https://www.west-norfolk.gov.uk,UK-ENG-E60000179,local_plan,https://www.west-norfolk.gov.uk/site/custom_scripts/static_content/_large_files/KingsLynn_WestNorfolk_LocalPlan/Local_Plan_final_April_2025.pdf,pending_ingest,"verified; Local Plan 2021-2040, adopted 27 March 2025"
North Norfolk District Council,E60000180,North Norfolk District Council,https://www.northnorfolk.org/,UK-ENG-E60000180,local_plan,https://www.north-norfolk.gov.uk/media/11773/north-norfolk-local-plan-2024-2040.pdf,pending_ingest,"verified; North Norfolk Local Plan 2024-2040, formally adopted 17/18 Dec 2025 (very recent). Council site is now north-norfolk.gov.uk (organisation_website in this tracker points to the old northnorfolk.org domain)"
Norwich City Council,E60000181,Norwich City Council,https://www.norwich.gov.uk,UK-ENG-E60000181,local_plan_core_strategy,https://www.gnlp.org.uk/sites/gnlp/files/2024-12/Adopted_GNLP_2024_STRATEGY_final_24-10-18_0.pdf,pending_ingest,"joint Greater Norwich Local Plan (with Broadland/South Norfolk/Norwich, plus Norfolk County Council as partner), adopted March 2024. Norwich additionally retains a separate legacy Development Management Policies document (adopted 2014) still in force alongside GNLP"
South Norfolk District Council,E60000182,South Norfolk District Council,https://www.south-norfolk.gov.uk,UK-ENG-E60000182,local_plan_core_strategy,https://www.gnlp.org.uk/sites/gnlp/files/2024-12/Adopted_GNLP_2024_STRATEGY_final_24-10-18_0.pdf,pending_ingest,"joint Greater Norwich Local Plan (with Broadland/South Norfolk/Norwich, plus Norfolk County Council as partner), adopted March 2024"
Babergh District Council,E60000183,Babergh District Council,https://www.babergh.gov.uk,UK-ENG-E60000183,local_plan,https://www.babergh.gov.uk/documents/d/asset-library-54706/babergh-and-mid-suffolk-joint-local-plan-part-1-nov-2023,pending_ingest,"Babergh and Mid Suffolk Joint Local Plan Part 1, adopted November 2023, covers both Babergh and Mid Suffolk jointly, superseding the old separate Core Strategies. No Part 2 exists yet (Joint Local Plan Review targeting ~2029). Policies Map is an interactive online map only, no PDF"
East Suffolk Council,E60000184,East Suffolk Council,https://www.eastsuffolk.gov.uk,UK-ENG-E60000184,local_plan_suffolk_coastal,https://www.eastsuffolk.gov.uk/sites/default/files/2025-05/East%20Suffolk%20Council%20Suffolk%20Coastal%20Local%20Plan%202020.pdf,pending_ingest,"no single unified plan yet - still runs on two inherited legacy district plans (Suffolk Coastal adopted Sept 2020, verified; Waveney adopted March 2019). Waveney URL returned HTTP 405 on every fetch attempt despite matching the official title exactly via search - possible bot-protection quirk rather than a dead link, recommend a manual browser check before ingesting"
Ipswich Borough Council,E60000185,Ipswich Borough Council,https://www.ipswich.gov.uk,UK-ENG-E60000185,local_plan_core_strategy,https://www.ipswich.gov.uk/sites/ipswich/files/2026-04/core_strategy_and_policies_dpd_review%20%28without%20plans%201%20to%207%29.pdf,pending_ingest,"verified; Ipswich Local Plan Review 2018-2036, adopted 23 March 2022"
Mid Suffolk District Council,E60000186,Mid Suffolk District Council,https://www.midsuffolk.gov.uk,UK-ENG-E60000186,local_plan,https://www.babergh.gov.uk/documents/d/asset-library-54706/babergh-and-mid-suffolk-joint-local-plan-part-1-nov-2023,pending_ingest,"same joint Babergh and Mid Suffolk Joint Local Plan Part 1 as Babergh District Council, adopted November 2023"
West Suffolk Council,E60000187,West Suffolk Council,https://www.westsuffolk.gov.uk,UK-ENG-E60000187,local_plan,https://www.westsuffolk.gov.uk/planning/Planning_Policies/local_plans/upload/West-Suffolk-Local-Plan-2024-2041-July-2025.pdf,pending_ingest,"verified; West Suffolk Local Plan 2024-2041, adopted 15 July 2025 (very recent), a genuinely unified new plan superseding the legacy Forest Heath and St Edmundsbury plans (West Suffolk was formed by their 2019 merger)"
London Borough of Camden,E60000188,London Borough of Camden,https://www.camden.gov.uk,UK-ENG-E60000188,local_plan,https://www.camden.gov.uk/documents/20142/3912524/Local+Plan+Low+Res.pdf/54bd0f8c-c737-b10d-b140-756e8beeae95,pending_ingest,"Camden Local Plan, adopted 3 Jul 2017. Low-res version used for reliable download."
City of London Corporation,E60000189,City of London Corporation,https://www.cityoflondon.gov.uk/,UK-ENG-E60000189,local_plan,https://www.cityoflondon.gov.uk/assets/Services-Environment/planning-local-plan-adopted-2015.pdf,pending_ingest,"discovered via research batch 2026-09; direct PDF, currently-adopted version"
London Borough of Hackney,E60000190,London Borough of Hackney,https://www.hackney.gov.uk,UK-ENG-E60000190,local_plan,,pending_discovery,"UNVERIFIED candidates from research batch 2026-09 (committee-papers mirror, adoption status unclear) - needs a verification pass before flipping to pending_ingest: core_strategy=https://hackney.moderngov.co.uk/documents/s11557/Adoption%20of%20LDF_Core_Strategy_for_Council_adoption_-_pre_production_version_09Nov10.pdf ; development_management=https://hackney.moderngov.co.uk/documents/s30882/LHR%20G80%20Appendix_1_-_DMLP_Publication_Version_June_2013.pdf ; site_allocations=https://hackney.moderngov.co.uk/documents/s23710/Appendix_1_Site_Allocations_DPD.pdf"
London Borough of Hammersmith & Fulham,E60000191,London Borough of Hammersmith & Fulham,https://www.lbhf.gov.uk/,UK-ENG-E60000191,local_plan,https://democracy.lbhf.gov.uk/documents/s97581/Local%20Plan.pdf,pending_ingest,"discovered via research batch 2026-09; direct PDF, currently-adopted version"
London Borough of Haringey,E60000192,London Borough of Haringey,https://www.haringey.gov.uk,UK-ENG-E60000192,local_plan_core_strategy,https://haringey.gov.uk/sites/default/files/2024-01/final_haringey_local_plan_2017_online.pdf,pending_ingest,"discovered via research batch 2026-09; direct PDF, currently-adopted version"
London Borough of Islington,E60000193,London Borough of Islington,https://www.islington.gov.uk,UK-ENG-E60000193,local_plan_strategic_dm_policies,https://www.islington.gov.uk/-/media/sharepoint-lists/public-records/planningandbuildingcontrol/publicity/publicconsultation/20232024/islington-council-local-plan-strategic-and-development-management-policies.pdf,pending_ingest,"discovered via research batch 2026-09; direct PDF, currently-adopted version"
Royal Borough of Kensington and Chelsea,E60000194,Royal Borough of Kensington and Chelsea,https://www.rbkc.gov.uk/,UK-ENG-E60000194,local_plan,https://www.rbkc.gov.uk/sites/default/files/media/documents/AA_24-09-03%20Local%20Plan%202024_Final%20Clean%20Version%20_02.pdf,pending_ingest,"discovered via research batch 2026-09; direct PDF, currently-adopted version"
London Borough of Lambeth,E60000195,London Borough of Lambeth,https://www.lambeth.gov.uk,UK-ENG-E60000195,local_plan,https://www.lambeth.gov.uk/sites/default/files/2021-09/Lambeth%20Local%20Plan%202021.pdf,pending_ingest,"discovered via research batch 2026-09; direct PDF, currently-adopted version"
London Borough of Lewisham,E60000196,London Borough of Lewisham,https://www.lewisham.gov.uk,UK-ENG-E60000196,local_plan,https://lewisham.gov.uk/-/media/services/planning/planning-policy/local-plan/lpnov25/adopted-lewisham-local-plan_2025_oct_tagged_final.pdf,pending_ingest,"discovered via research batch 2026-09; direct PDF, currently-adopted version"
London Borough of Newham,E60000197,London Borough of Newham,https://www.newham.gov.uk,UK-ENG-E60000197,local_plan,https://gat04-live-1517c8a4486c41609369c68f30c8-aa81074.divio-media.org/filer_public/43/6b/436b2b9e-03dd-4154-8e1b-25a2fa4c1d7a/cd341_newham_local_plan_december_2018.pdf,pending_ingest,"discovered via research batch 2026-09; direct PDF, currently-adopted version"
London Borough of Southwark,E60000198,London Borough of Southwark,https://www.southwark.gov.uk,UK-ENG-E60000198,local_plan,https://services.southwark.gov.uk/assets/attach/94325/Southwark-Plan-2022.pdf,pending_ingest,"discovered via research batch 2026-09; direct PDF, currently-adopted version"
London Borough of Tower Hamlets,E60000199,London Borough of Tower Hamlets,https://www.towerhamlets.gov.uk,UK-ENG-E60000199,local_plan,https://www.towerhamlets.gov.uk/Documents/Planning-and-building-control/Strategic-Planning/Local-Plan/TH_Local_Plan_2031_accessibility_checked.pdf,pending_ingest,"discovered via research batch 2026-09; direct PDF, currently-adopted version"
London Borough of Wandsworth,E60000200,London Borough of Wandsworth,https://www.wandsworth.gov.uk,UK-ENG-E60000200,local_plan,https://www.wandsworth.gov.uk/media/10136/wandsworth_local_plan_2023_38.pdf,pending_ingest,"discovered via research batch 2026-09; direct PDF, currently-adopted version"
City of Westminster,E60000201,City of Westminster,https://www.westminster.gov.uk,UK-ENG-E60000201,local_plan,https://www.westminster.gov.uk/sites/default/files/media/documents/city-plan-2019-2040-january-2026.pdf,pending_ingest,"discovered via research batch 2026-09; direct PDF, currently-adopted version"
London Borough of Barking and Dagenham,E60000202,London Borough of Barking and Dagenham,https://www.lbbd.gov.uk,UK-ENG-E60000202,local_plan,https://lbbd.moderngov.co.uk/documents/s169229/App%202a%20-%20Local%20Plan%20as%20amended%20Final.pdf,pending_ingest,"Local Plan 2020-2037, adopted 18 Sep 2024. lbbd.gov.uk's own copy 403s to bots; moderngov.co.uk mirror used instead."
London Borough of Barnet,E60000203,London Borough of Barnet,https://www.barnet.gov.uk,UK-ENG-E60000203,local_plan,https://barnet.moderngov.co.uk/documents/s87857/Appendix%20D%20-%20Barnet%20Local%20Plan%202021-2036.pdf,pending_ingest,"Local Plan 2021-2036, adopted 4 Mar 2025 per planning.data.gov.uk."
London Borough of Bexley,E60000204,London Borough of Bexley,https://www.bexley.gov.uk,UK-ENG-E60000204,local_plan,https://www.bexley.gov.uk/sites/default/files/2023-07/bexley-local-plan-adopted-26-april-2023.pdf,pending_ingest,"Bexley Local Plan, adopted 26 Apr 2023."
London Borough of Brent,E60000205,London Borough of Brent,https://www.brent.gov.uk,UK-ENG-E60000205,local_plan,https://www.brent.gov.uk/media/16420357/brent-local-plan-2019-2041-accessible2.pdf,pending_ingest,"Brent Local Plan 2019-2041, adopted 24 Feb 2022 (accessible version used; standard version >30MB)."
London Borough of Bromley,E60000206,London Borough of Bromley,https://www.bromley.gov.uk,UK-ENG-E60000206,local_plan,https://www.bromley.gov.uk/downloads/file/51/bromley-local-plan,pending_ingest,"Bromley Local Plan, adopted 16 Jan 2019."
London Borough of Croydon,E60000207,London Borough of Croydon,https://www.croydon.gov.uk,UK-ENG-E60000207,local_plan,https://www.croydon.gov.uk/sites/default/files/2022-01/croydon-local-plan-20180.pdf,pending_ingest,"Croydon Local Plan 2018, adopted 27 Feb 2018. Partial Review in examination, not yet adopted."
London Borough of Ealing,E60000208,London Borough of Ealing,https://www.ealing.gov.uk,UK-ENG-E60000208,local_plan_core_strategy,https://www.ealing.gov.uk/download/downloads/id/19446/development_strategy_2026_-_development_plan_document.pdf,pending_ingest,"Development (Core) Strategy DPD, adopted 3 Apr 2012. New consolidated Local Plan in examination, not yet adopted."
London Borough of Ealing,E60000208,London Borough of Ealing,https://www.ealing.gov.uk,UK-ENG-E60000208,local_plan_development_sites,https://www.ealing.gov.uk/download/downloads/id/19449/development_sites.pdf,pending_ingest,"Development Sites DPD, adopted 10 Dec 2013."
London Borough of Ealing,E60000208,London Borough of Ealing,https://www.ealing.gov.uk,UK-ENG-E60000208,local_plan_development_management,https://www.ealing.gov.uk/download/downloads/id/19450/development_management_dpd.pdf,pending_ingest,"Development Management DPD, adopted 10 Dec 2013."
London Borough of Enfield,E60000209,London Borough of Enfield,https://www.enfield.gov.uk,UK-ENG-E60000209,local_plan_core_strategy,https://www.enfield.gov.uk/__data/assets/pdf_file/0015/4623/planning-policy-information-the-enfield-plan-core-strategy-november-2010.pdf,pending_ingest,"discovered via research batch 2026-09; direct PDF, currently-adopted version"
Royal Borough of Greenwich,E60000210,Royal Borough of Greenwich,https://www.royalgreenwich.gov.uk,UK-ENG-E60000210,local_plan,https://www.royalgreenwich.gov.uk/download/downloads/id/2869/royal_greenwich_local_plan_core_strategy_with_detailed_policies_main_document.pdf,pending_ingest,"discovered via research batch 2026-09; direct PDF, currently-adopted version"
London Borough of Harrow,E60000211,London Borough of Harrow,https://www.harrow.gov.uk,UK-ENG-E60000211,local_plan_core_strategy,https://www.harrow.gov.uk/downloads/file/26426/local-plan-core-strategy.pdf,pending_ingest,"discovered via research batch 2026-09; direct PDF, currently-adopted version"
London Borough of Havering,E60000212,London Borough of Havering,https://www.havering.gov.uk,UK-ENG-E60000212,local_plan,https://www.havering.gov.uk/downloads/file/5300/havering_local_plan_2016_-_2031.pdf,pending_ingest,"discovered via research batch 2026-09; direct PDF, currently-adopted version"
London Borough of Hillingdon,E60000213,London Borough of Hillingdon,https://www.hillingdon.gov.uk,UK-ENG-E60000213,local_plan_core_strategy,https://modgov.hillingdon.gov.uk/documents/s14281/121108%20-%2007%20-%20local%20plan%20document.pdf,pending_ingest,"discovered via research batch 2026-09; direct PDF, currently-adopted version"
London Borough of Hounslow,E60000214,London Borough of Hounslow,https://www.hounslow.gov.uk,UK-ENG-E60000214,local_plan_volume_1,https://www.hounslow.gov.uk/downloads/file/13227/hounslow-local-plan-part-1-direct,pending_ingest,"discovered via research batch 2026-09; direct PDF, currently-adopted version"
Royal Borough of Kingston upon Thames,E60000215,Royal Borough of Kingston upon Thames,https://www.kingston.gov.uk,UK-ENG-E60000215,local_plan_core_strategy,https://www.kingston.gov.uk/sites/default/files/downloads/Core_Strategy.pdf,pending_ingest,"discovered via research batch 2026-09; direct PDF, currently-adopted version"
London Borough of Merton,E60000216,London Borough of Merton,https://www.merton.gov.uk,UK-ENG-E60000216,local_plan,https://www.merton.gov.uk/system/files/merton_local_plan_-_adopted_20_november_2024_compressed.pdf,pending_ingest,"discovered via research batch 2026-09; direct PDF, currently-adopted version"
London Borough of Redbridge,E60000217,London Borough of Redbridge,https://www.redbridge.gov.uk,UK-ENG-E60000217,local_plan,https://www.redbridge.gov.uk/media/oj3hxvhl/10-redbridgelocal-plan_070318_web-1_tp.pdf,pending_ingest,"discovered via research batch 2026-09; direct PDF, currently-adopted version"
London Borough of Richmond upon Thames,E60000218,London Borough of Richmond upon Thames,https://www.richmond.gov.uk,UK-ENG-E60000218,local_plan,https://www.richmond.gov.uk/media/15935/adopted_local_plan_interim.pdf,pending_ingest,"discovered via research batch 2026-09; direct PDF, currently-adopted version"
London Borough of Sutton,E60000219,London Borough of Sutton,https://www.sutton.gov.uk,UK-ENG-E60000219,local_plan,https://www.sutton.gov.uk/sites/default/files/2026-04/sutton-local-plan-2016-to-2031.pdf,pending_ingest,"discovered via research batch 2026-09; direct PDF, currently-adopted version"
London Borough of Waltham Forest,E60000220,London Borough of Waltham Forest,https://www.walthamforest.gov.uk/,UK-ENG-E60000220,local_plan,https://www.walthamforest.gov.uk/sites/default/files/2024-02/LBWF_LocalPlan_LP1_Feb2024_compressed.pdf,pending_ingest,"discovered via research batch 2026-09; direct PDF, currently-adopted version"
Bracknell Forest Council,E60000221,Bracknell Forest Council,https://www.bracknell-forest.gov.uk/,UK-ENG-E60000221,local_plan,https://consult.bracknell-forest.gov.uk/file/6304536,pending_ingest,"Local Plan (to 2037), adopted 19 March 2024. URL confirmed via the official planning.data.gov.uk national register but the hosting domain returns 403 to automated fetchers (bot-protection) - verify in a real browser before ingesting."
Brighton and Hove City Council,E60000222,Brighton and Hove City Council,https://www.brighton-hove.gov.uk,UK-ENG-E60000222,city_plan_part_one,https://www.brighton-hove.gov.uk/sites/default/files/2021-05/CD01-City%20Plan%20Part%20One%20(adopted%20March%202016).pdf,pending_ingest,"City Plan Part One adopted 24 Mar 2016 (fetch hit redirect loop, unverified); City Plan Part Two adopted 20 Oct 2022 (fetch returned 403, unverified). Both sourced from council's own domain via web search"
Isle of Wight Council,E60000223,Isle of Wight Council,https://www.iow.gov.uk/,UK-ENG-E60000223,local_plan,https://www.iow.gov.uk/documentlibrary/download/isle-of-wight-core-strategy,pending_ingest,"verified; new 'Island Planning Strategy' still in examination, not yet adopted - currently adopted is the Island Plan Core Strategy (incl. Waste & Minerals) and DM Policies DPD, adopted March 2012"
Medway Council,E60000224,Medway Council,https://www.medway.gov.uk,UK-ENG-E60000224,local_plan,https://www.medway.gov.uk/downloads/file/2400/medway_local_plan_2003,pending_ingest,"Medway Local Plan 2003, adopted 14 May 2003 - no newer plan yet adopted ('Medway Local Plan 2041' still in preparation)"
Milton Keynes City Council,E60000225,Milton Keynes City Council,https://www.milton-keynes.gov.uk/,UK-ENG-E60000225,local_plan,https://www.milton-keynes.gov.uk/sites/default/files/2022-05/PlanMK%20Adoption%20Version%20(March%202019).pdf,pending_ingest,"verified; Plan:MK 2016-2031, adopted March 2019"
Portsmouth City Council,E60000226,Portsmouth City Council,https://www.portsmouth.gov.uk,UK-ENG-E60000226,local_plan,https://media.portsmouth.gov.uk/wp-content/uploads/2020/05/The-Portsmouth-Plan.pdf,pending_ingest,"verified (Portsmouth Plan link); new 'Portsmouth Local Plan to 2040' still in examination, not yet adopted - currently adopted is The Portsmouth Plan (Core Strategy, adopted 24 Jan 2012) plus saved 2006 Local Plan policies (second URL not independently fetched)"
Reading Borough Council,E60000227,Reading Borough Council,http://www.reading.gov.uk,UK-ENG-E60000227,local_plan,https://images.reading.gov.uk/2019/12/Local_Plan_Adopted_November_2019.pdf,pending_ingest,"Adopted Nov 2019, main plan doc. Proposals Map (6 parts) + adoption statement not yet queued."
Slough Borough Council,E60000228,Slough Borough Council,https://www.slough.gov.uk,UK-ENG-E60000228,local_plan_core_strategy,https://www.slough.gov.uk/downloads/file/2273/development-plan-core-strategy-2006-2026,pending_ingest,verified; Core Strategy 2006-2026 (adopted 2008) + Site Allocations DPD (2010). A new Local Plan is still emerging/draft
Southampton City Council,E60000229,Southampton City Council,https://www.southampton.gov.uk/,UK-ENG-E60000229,local_plan_core_strategy,https://www.southampton.gov.uk/media/io4midh4/amended-core-strategy-inc-cspr-final-13-03-2015_tcm63-371354.pdf,pending_ingest,"Core Strategy (amended 2015, verified filename match but fetch hit a redirect loop - spot-check) + Local Plan Review (amended 2015, verified)"
West Berkshire Council,E60000230,West Berkshire Council,https://www.westberks.gov.uk,UK-ENG-E60000230,local_plan,https://www.westberks.gov.uk/media/64447/West-Berkshire-Local-Plan-Review-2023-2041/pdf/West_Berkshire_Local_Plan_Review_2023-2041_for_web_APPROVED.pdf,pending_ingest,"verified; West Berkshire Local Plan Review 2023-2041, adopted 10 June 2025, supersedes the old 2006-2026 Core Strategy"
Royal Borough of Windsor and Maidenhead,E60000231,Royal Borough of Windsor and Maidenhead,https://www.rbwm.gov.uk/,UK-ENG-E60000231,local_plan,https://consult.rbwm.gov.uk/file/5973055,pending_ingest,"Borough Local Plan 2013-2033, adopted 8 Feb 2022. URL confirmed via the official planning.data.gov.uk national register but the hosting domain returns 403 to automated fetchers (bot-protection) - verify in a real browser before ingesting."
Wokingham Borough Council,E60000232,Wokingham Borough Council,https://www.wokingham.gov.uk,UK-ENG-E60000232,local_plan_core_strategy,https://www.wokingham.gov.uk/sites/wokingham/files/2023-06/Final_adopted_Core_Strategy%5B1%5D.pdf,pending_ingest,"verified; Core Strategy adopted 2010, Managing Development Delivery (MDD) DPD adopted 2014"
Aylesbury Vale District Council,E60000233,Aylesbury Vale District Council,https://www.aylesburyvaledc.gov.uk,UK-ENG-E60000233,local_plan,,pending_discovery,
Chiltern District Council,E60000234,Chiltern District Council,https://www.chiltern.gov.uk,UK-ENG-E60000234,local_plan,,pending_discovery,
South Bucks District Council,E60000235,South Bucks District Council,https://www.southbucks.gov.uk,UK-ENG-E60000235,local_plan,,pending_discovery,
Wycombe District Council,E60000236,Wycombe District Council,https://www.wycombe.gov.uk,UK-ENG-E60000236,local_plan,,pending_discovery,
Eastbourne Borough Council,E60000237,Eastbourne Borough Council,https://www.eastbourne.gov.uk,UK-ENG-E60000237,local_plan_core_strategy,https://www.lewes-eastbourne.gov.uk/media/968/Eastbourne-Core-Strategy/pdf/Eastbourne_Core_Strategy.pdf,pending_ingest,"Core Strategy adopted 20 Feb 2013 (verified); Town Centre Local Plan adopted 20 Nov 2013 (URL sourced from council page, not independently re-fetched)"
Hastings Borough Council,E60000238,Hastings Borough Council,https://www.hastings.gov.uk,UK-ENG-E60000238,local_plan_planning_strategy,https://www.hastings.gov.uk/content/strategy/planning_strat_2013_18_Feb_lo_res_(2).pdf,pending_ingest,"Planning Strategy adopted 19 Feb 2014 (fetch timed out/504, sourced from official council page - unverified); Development Management Plan adopted 23 Sep 2015 (verified)"
Lewes District Council,E60000239,Lewes District Council,https://www.lewes-eastbourne.gov.uk,UK-ENG-E60000239,local_plan_part1_core_strategy,https://www.lewes-eastbourne.gov.uk/media/1718/Adopted-Joint-Core-Strategy-2016/pdf/Adopted_Joint_Core_Strategy_2016.pdf,pending_ingest,verified; Joint Core Strategy (Lewes + South Downs National Park Authority for the in-Park area) adopted 11 May 2016; Local Plan Part 2 Site Allocations adopted 24 Feb 2020
Rother District Council,E60000240,Rother District Council,https://www.rother.gov.uk,UK-ENG-E60000240,local_plan_core_strategy,https://rdcpublic.blob.core.windows.net/website-uploads/2022/09/Core-Strategy-2014.pdf,pending_ingest,"Core Strategy adopted 29 Sep 2014 (verified); Development and Site Allocations (DaSA) Local Plan adopted 16 Dec 2019 (file too large to fetch/verify, sourced from official adoption page). Both hosted on council's Azure blob storage, not main domain"
Wealden District Council,E60000241,Wealden District Council,https://www.wealden.gov.uk,UK-ENG-E60000241,local_plan_core_strategy,https://www.wealden.gov.uk/UploadedFiles/Adopted_Core_Strategy_2013_for_web.pdf,pending_ingest,Core Strategy approved Nov 2012/adopted Feb 2013 (2013-2027). Some 1998 Local Plan saved policies also still apply for specific sites but Core Strategy is the principal adopted plan. URL not independently re-fetched (unverified)
Basingstoke and Deane Borough Council,E60000242,Basingstoke and Deane Borough Council,https://www.basingstoke.gov.uk,UK-ENG-E60000242,local_plan,https://www.basingstoke.gov.uk/content/doclib/1592.pdf,pending_ingest,"Local Plan 2011-2029, adopted May 2016. Confirmed via UK govt planning.data.gov.uk dataset as canonical URL; direct fetch blocked by robots.txt"
East Hampshire District Council,E60000243,East Hampshire District Council,https://www.easthants.gov.uk,UK-ENG-E60000243,local_plan_core_strategy,https://www.easthants.gov.uk/media/5462/download?inline,pending_ingest,verified; Joint Core Strategy (2014) + Housing and Employment Allocations (2016). A Local Plan 2021-2040 is only in Reg18 draft
Eastleigh Borough Council,E60000244,Eastleigh Borough Council,https://www.eastleigh.gov.uk,UK-ENG-E60000244,local_plan,https://www.eastleigh.gov.uk/media/12029/41-local-plan-2016-2036.pdf,pending_ingest,"verified; Local Plan 2016-2036, adopted April 2022"
Fareham Borough Council,E60000245,Fareham Borough Council,https://www.fareham.gov.uk,UK-ENG-E60000245,local_plan,http://www.fareham.gov.uk/pdf/planning/local_plan/1.FLP2037.pdf,pending_ingest,"Fareham Local Plan 2037, adopted 5 April 2023, supersedes old Parts 1&2. Link confirmed live via council's own local-plan page"
Gosport Borough Council,E60000246,Gosport Borough Council,https://www.gosport.gov.uk,UK-ENG-E60000246,local_plan,https://www.gosport.gov.uk/media/1210/Local-Plan-2011-2019-Written-Statement/pdf/Gosport_Borough_Local_Plan_2011-2029_-_adopted_version_b.pdf,pending_ingest,"verified; Local Plan 2011-2029, adopted October 2015"
Hart District Council,E60000247,Hart District Council,https://www.hart.gov.uk,UK-ENG-E60000247,local_plan,https://www.hart.gov.uk/sites/default/files/2024-08/Hart-Local-Plan-strategy-and-Sites-2032.pdf,pending_ingest,"verified; Local Plan (Strategy and Sites) 2032, adopted 30 April 2020. A new Hart plan is only in preparation/draft"
Havant Borough Council,E60000248,Havant Borough Council,https://www.havant.gov.uk,UK-ENG-E60000248,local_plan_core_strategy,https://www.havant.gov.uk/media/7437/download?inline,pending_ingest,verified; Core Strategy (2011) + Allocations Plan (2014)
New Forest District Council,E60000249,New Forest District Council,https://www.newforestdc.gov.uk,UK-ENG-E60000249,local_plan_core_strategy,https://www.newforest.gov.uk/media/705/Local-Plan-Document-2016-2036/pdf/Local_Plan_2016-2036_Part_One_FINAL.pdf,pending_ingest,"Part 1 Planning Strategy adopted 6 July 2020, verified; Part 2 Sites and Development Management (main section) adopted 14 April 2014, still current for site allocations/DM policies. Part 2 also has separate Sections 1/3/4/5 + Appendices not individually queued"
Rushmoor Borough Council,E60000250,Rushmoor Borough Council,https://www.rushmoor.gov.uk,UK-ENG-E60000250,local_plan,https://www.rushmoor.gov.uk/media/uwbafz5t/final_rushmoor_local_plan_web_version.pdf,pending_ingest,"verified; Local Plan 2014-2032, adopted 21 February 2019"
Test Valley Borough Council,E60000251,Test Valley Borough Council,https://www.testvalley.gov.uk,UK-ENG-E60000251,local_plan,https://www.testvalley.gov.uk/assets/attach/2446/adopted-local-plan-2011-2029.pdf,pending_ingest,"verified; Revised Local Plan DPD 2011-2029, adopted 27 January 2016"
Winchester City Council,E60000252,Winchester City Council,https://www.winchester.gov.uk,UK-ENG-E60000252,local_plan,https://www.localplan.winchester.gov.uk/assets/attach/2897/Local-Plan-2020-2040.pdf,pending_ingest,"verified; Local Plan 2020-2040, adopted 24 March 2026 (very recent), supersedes older 2013 JCS/2017/2019 documents"
Ashford Borough Council,E60000253,Ashford Borough Council,https://www.ashford.gov.uk,UK-ENG-E60000253,local_plan,https://www.ashford.gov.uk/media/jw3nbvq1/adopted-ashford-local-plan-2030.pdf,pending_ingest,"Ashford Local Plan 2030, adopted Feb 2019"
Canterbury City Council,E60000254,Canterbury City Council,https://www.canterbury.gov.uk,UK-ENG-E60000254,local_plan,https://www.canterbury.gov.uk/sites/default/files/2022-10/Adopted%20Local%20Plan.pdf,pending_ingest,"Canterbury District Local Plan, adopted 13 Jul 2017"
Dartford Borough Council,E60000255,Dartford Borough Council,https://www.dartford.gov.uk,UK-ENG-E60000255,local_plan,https://www.dartford.gov.uk/downloads/file/2808/the-dartford-plan,pending_ingest,"The Dartford Plan, adopted 22 Apr 2024 (plan to 2037)"
Dover District Council,E60000256,Dover District Council,https://www.dover.gov.uk,UK-ENG-E60000256,local_plan,https://www.doverdistrictlocalplan.co.uk/uploads/Adopted-Local-Plan-Documents/Dover-District-Local-Plan-to-2040-Low-Res.pdf,pending_ingest,"Dover District Local Plan to 2040, adopted Oct 2024"
Folkestone and Hythe Council,E60000257,Folkestone and Hythe Council,https://www.folkestone-hythe.gov.uk,UK-ENG-E60000257,local_plan_core_strategy,https://www.folkestone-hythe.gov.uk/downloads/file/3593/core-strategy-review-2022,pending_ingest,Core Strategy Review adopted 30 Mar 2022; Places and Policies Local Plan adopted 16 Sep 2020
Gravesham Borough Council,E60000258,Gravesham Borough Council,https://www.gravesham.gov.uk,UK-ENG-E60000258,local_plan_core_strategy,https://drive.google.com/open?id=1bJTgQLmhbzjqZFibl-5WFb2tbvixXpLk,pending_ingest,"Local Plan Core Strategy, adopted 2014. No PDF hosted on gravesham.gov.uk itself - the council's own Local Plan page links out to these Google Drive files (not independently fetch-verified, Drive's robots.txt blocked verification, but confirmed as the current live links on the official page)"
Maidstone Borough Council,E60000259,Maidstone Borough Council,https://www.maidstone.gov.uk,UK-ENG-E60000259,local_plan,https://www.maidstone.gov.uk/__data/assets/pdf_file/0005/171149/Local-Plan-v2-November-2017.pdf,pending_ingest,"Maidstone Borough Local Plan, adopted 25 Oct 2017. A Local Plan Review was reported adopted by members in March 2025, but the council's own page still names 2017 as current"
Sevenoaks District Council,E60000260,Sevenoaks District Council,https://www.sevenoaks.gov.uk,UK-ENG-E60000260,local_plan_core_strategy,https://www.sevenoaks.gov.uk/downloads/file/356/core_strategy_adopted_version_february_2011,pending_ingest,"Core Strategy adopted Feb 2011; Allocations and Development Management Plan adopted Feb 2015. Policies map published only as individual map-tile PDFs, not queued"
Swale Borough Council,E60000261,Swale Borough Council,https://www.swale.gov.uk,UK-ENG-E60000261,local_plan,https://services.swale.gov.uk/media/files/localplan/adoptedlocalplanfinalwebversion.pdf,pending_ingest,"Bearing Fruits 2031: The Swale Borough Local Plan, adopted 2017"
Thanet District Council,E60000262,Thanet District Council,https://thanet.gov.uk,UK-ENG-E60000262,local_plan,https://www.thanet.gov.uk/wp-content/uploads/2018/03/Thanet-Local-Plan-July-2020-1-1.pdf,pending_ingest,"Thanet Local Plan, adopted Jul 2020"
Tonbridge and Malling Borough Council,E60000263,Tonbridge and Malling Borough Council,https://www.tmbc.gov.uk,UK-ENG-E60000263,local_plan_core_strategy,https://www.tmbc.gov.uk/downloads/file/276/core-strategy,pending_ingest,"LDF-era plan: Core Strategy adopted 25 Sep 2007, Development Land Allocations DPD adopted Apr 2008, Managing Development and the Environment DPD adopted Apr 2010"
Tunbridge Wells Borough Council,E60000264,Tunbridge Wells Borough Council,https://www.tunbridgewells.gov.uk,UK-ENG-E60000264,local_plan,https://tunbridgewells.gov.uk/__data/assets/pdf_file/0008/511991/Adopted-Local-Plan-2020-2038.pdf,pending_ingest,"Tunbridge Wells Borough Local Plan 2020-2038, adopted Dec 2025 (very recent), replaces the old 2006 plan/2010 Core Strategy"
Cherwell District Council,E60000265,Cherwell District Council,https://www.cherwell-dc.gov.uk,UK-ENG-E60000265,local_plan_part1,https://www.cherwell.gov.uk/download/downloads/id/8144/final-adopted-local-plan-2011-2031-incorporating-re-adopted-policy-bicester-13.pdf,pending_ingest,"Cherwell Local Plan 2011-2031 Part 1, adopted 2015 (Policy Bicester 13 re-adopted 19 Dec 2016); Partial Review - Oxford's Unmet Housing Need, adopted 7 Sep 2020. Both content-verified. The 'Local Plan 2040' successor was withdrawn from examination in 2025"
Oxford City Council,E60000266,Oxford City Council,https://www.oxford.gov.uk,UK-ENG-E60000266,local_plan,https://www.oxford.gov.uk/downloads/download/20/download-the-oxford-local-plan-2016-2036,pending_ingest,"Oxford Local Plan 2016-2036, adopted 8 June 2020. The 2040 successor plan was withdrawn from examination Jan 2025, so 2036 plan remains in force. URL is a download-page link, not a bare PDF - not independently re-verified as resolving to %PDF-"
South Oxfordshire District Council,E60000267,South Oxfordshire District Council,https://www.southoxon.gov.uk,UK-ENG-E60000267,local_plan,https://www.southoxon.gov.uk/wp-content/uploads/sites/2/2021/02/SODC-LP2035-Publication-Feb-2021.pdf,pending_ingest,"content verified; South Oxfordshire Local Plan 2035, adopted 10 Dec 2020. Not a joint document with Vale of White Horse despite shared officer partnership - separate plans"
Vale of White Horse District Council,E60000268,Vale of White Horse District Council,https://www.whitehorsedc.gov.uk,UK-ENG-E60000268,local_plan_part1,https://www.whitehorsedc.gov.uk/wp-content/uploads/sites/3/2020/10/Local-Plan-2031-Part-1.pdf,pending_ingest,"Local Plan 2031 Part 1 (Strategic Sites & Policies) adopted Dec 2016, 5-yr review reconfirmed Dec 2021, content verified; Part 1 Appendices not independently re-verified; Part 2 (Detailed Policies & Additional Sites) adopted 9 Oct 2019, 5-yr review reconfirmed Sept 2024 - filename generic ('VOWHDC-Master-1'), flag for manual check; Part 2 Appendices hosted on shared southandvale.gov.uk domain, not independently re-verified"
West Oxfordshire District Council,E60000269,West Oxfordshire District Council,https://www.westoxon.gov.uk,UK-ENG-E60000269,local_plan,https://www.westoxon.gov.uk/media/feyjmpen/local-plan.pdf,pending_ingest,"content verified (cover page confirms); West Oxfordshire Local Plan 2031, adopted September 2018"
Elmbridge Borough Council,E60000270,Elmbridge Borough Council,https://www.elmbridge.gov.uk,UK-ENG-E60000270,local_plan_core_strategy,https://www.elmbridge.gov.uk/sites/default/files/2023-03/Core%20Strategy.pdf,pending_ingest,Core Strategy (2011) + Development Management Plan (2015). A newer plan (2037) is only in draft/submission
Epsom and Ewell Borough Council,E60000271,Epsom and Ewell Borough Council,https://www.epsom-ewell.gov.uk,UK-ENG-E60000271,local_plan_core_strategy,https://www.epsom-ewell.gov.uk/sites/default/files/documents/residents/planning/planning-policy/Core%20Strategy%202007.pdf,pending_ingest,"2000-era adopted plan, still current (2022-2040 plan is emerging, not adopted): Core Strategy 2007, Plan E (Epsom Town Centre Area Action Plan), Development Management Policies Document 2015"
Guildford Borough Council,E60000272,Guildford Borough Council,https://www.guildford.gov.uk,UK-ENG-E60000272,local_plan,https://www.guildford.gov.uk/media/29891/The-Guildford-borough-Local-Plan-strategy-and-sites-2015-2034/pdf/Guildford_LPSS_-_LPDMP_Update_08.08.23.pdf,pending_ingest,"verified; Local Plan: Strategy and Sites 2015-2034, adopted 25 April 2019, plus Development Management Policies"
Mole Valley District Council,E60000273,Mole Valley District Council,https://www.molevalley.gov.uk,UK-ENG-E60000273,local_plan,https://molevalleydc.sharepoint.com/:f:/s/MVDCDocumentLibrary/EhDClGLwPc9MoxfqVdQ67V4B5QyS0z72JI6SiZOn6H9soQ?e=F7g8Bo,pending_ingest,"Local Plan 2020-2039, adopted 15 October 2024. No direct PDF URL exists on the council's own domain - only a SharePoint folder link (not a direct file), likely to fail the ingest script's %PDF- check - needs a follow-up pass to find the actual file"
Reigate and Banstead Borough Council,E60000274,Reigate and Banstead Borough Council,https://www.reigate-banstead.gov.uk,UK-ENG-E60000274,local_plan_core_strategy,https://www.reigate-banstead.gov.uk/download/downloads/id/3073/adopted_core_strategy_july_2014.pdf,pending_ingest,Core Strategy adopted July 2014; Development Management Plan adopted 2019. Multi-sheet policies map not queued
Runnymede Borough Council,E60000275,Runnymede Borough Council,https://www.runnymede.gov.uk,UK-ENG-E60000275,local_plan,https://www.runnymede.gov.uk/downloads/file/781/adopted-2030-lp,pending_ingest,"Runnymede 2030 Local Plan, adopted 16 July 2020"
Spelthorne Borough Council,E60000276,Spelthorne Borough Council,https://www.spelthorne.gov.uk,UK-ENG-E60000276,local_plan,https://www.spelthorne.gov.uk/sites/default/files/2026-03/Spelthorne%20Local%20Plan%202024-2039-40%20%28March%202026%29_0.pdf,pending_ingest,"Spelthorne Local Plan 2024-2039/40, adopted 17 March 2026 (very recent), supersedes the old 2009 plan"
Surrey Heath Borough Council,E60000277,Surrey Heath Borough Council,https://www.surreyheath.gov.uk,UK-ENG-E60000277,local_plan,https://www.surreyheath.gov.uk/sites/default/files/2023-05/Adopted%20Core%20Strategy%20(2011-2028).pdf,pending_ingest,Core Strategy & Development Management Policies 2011-2028 (single combined document)
Tandridge District Council,E60000278,Tandridge District Council,https://www.tandridge.gov.uk,UK-ENG-E60000278,local_plan_core_strategy,https://www.tandridge.gov.uk/Portals/0/Documents/Planning%20and%20building/Planning%20strategies%20and%20policies/Current%20and%20adopted%20planning%20policies/Core%20strategy/Core-Strategy.pdf,pending_ingest,Core Strategy (2008) + Part 2 Detailed Policies (2014)
Waverley Borough Council,E60000279,Waverley Borough Council,https://www.waverley.gov.uk/,UK-ENG-E60000279,local_plan,https://www.waverley.gov.uk/Portals/0/Documents/services/planning-and-building/planning-strategies-and-policies/local-plan/LPP1_July_2019_web.pdf,pending_ingest,"Local Plan Part 1: Strategic Policies and Sites, adopted Feb 2018 (July 2019 web version)"
Woking Borough Council,E60000280,Woking Borough Council,https://www.woking.gov.uk,UK-ENG-E60000280,local_plan_core_strategy,https://www.woking2027.info/developmentplan/corestrategy/adoptedcorestrategy.pdf,pending_ingest,"Core Strategy (Oct 2012) + Development Management Policies DPD (Oct 2016). Hosted on the council's legacy woking2027.info domain, not the main woking.gov.uk site. New plan process ongoing, not yet adopted"
Adur District Council,E60000281,Adur District Council,https://www.adur-worthing.gov.uk,UK-ENG-E60000281,local_plan,"https://www.adur-worthing.gov.uk/media/Media,159572,smxx.pdf",pending_ingest,"verified; Adur Local Plan 2017 (to 2032), adopted 14 Dec 2017. NOT a joint plan with Worthing despite shared council website/administration - separate documents"
Arun District Council,E60000282,Arun District Council,https://www.arun.gov.uk,UK-ENG-E60000282,local_plan,https://www.arun.gov.uk/download.cfm?doc=docm93jijm4n12844.pdf&ver=30855,pending_ingest,"Arun Local Plan 2011-2031, adopted 18 Jul 2018. Blocked by robots.txt - unverified, sourced from official 'adopted local plan' page"
Chichester District Council,E60000283,Chichester District Council,https://www.chichester.gov.uk,UK-ENG-E60000283,local_plan,https://www.chichester.gov.uk/media/41460/Chichester-Local-Plan-2021-2039-Adoption-Version/pdf/Chichester_Local_Plan_2021-2039_-_Adoption_Version.pdf,pending_ingest,"verified; Chichester Local Plan 2021-2039, adopted Aug 2025 (very recent), supersedes prior 2014-2029 plan"
Crawley Borough Council,E60000284,Crawley Borough Council,https://www.crawley.gov.uk,UK-ENG-E60000284,local_plan,https://crawley.gov.uk/sites/default/files/2024-11/Crawley%20borough%20Local%20Plan%202023%20to%202040.pdf,pending_ingest,"verified; Crawley Borough Local Plan 2023-2040, adopted 16 Oct 2024, supersedes the 2015-2030 plan"
Horsham District Council,E60000285,Horsham District Council,https://www.horsham.gov.uk,UK-ENG-E60000285,local_plan_hdpf,https://www.horsham.gov.uk/__data/assets/pdf_file/0016/60190/Horsham-District-Planning-Framework-November-2015.pdf,pending_ingest,"verified; Horsham District Planning Framework (HDPF), adopted Nov 2015 (to 2031). A new Local Plan 2023-2040 is at Regulation 19, not yet adopted"
Mid Sussex District Council,E60000286,Mid Sussex District Council,https://www.midsussex.gov.uk,UK-ENG-E60000286,district_plan,https://www.midsussex.gov.uk/media/3406/mid-sussex-district-plan.pdf,pending_ingest,"verified; Mid Sussex District Plan 2014-2031, adopted 28 Mar 2018"
Worthing Borough Council,E60000287,Worthing Borough Council,https://www.adur-worthing.gov.uk,UK-ENG-E60000287,local_plan,"https://www.adur-worthing.gov.uk/media/Media,169486,smxx.pdf",pending_ingest,"verified; Worthing Borough Council Local Plan 2020-2036, adopted 28 Mar 2023. NOT joint with Adur - separate document despite shared domain"
Bath and North East Somerset Council,E60000288,Bath and North East Somerset Council,https://www.bathnes.gov.uk,UK-ENG-E60000288,local_plan_core_strategy_placemaking_lppu,https://www.bathnes.gov.uk/sites/default/files/2023-01/1.%20Districtwide%20Composite%20plan%2018%2001%202023.pdf,pending_ingest,"verified; consolidated composite document combining Core Strategy (adopted Jul 2014), Placemaking Plan (adopted Jul 2017) and Local Plan Partial Update (adopted Jan 2023)"
"Bournemouth, Christchurch and Poole Council",E60000289,"Bournemouth, Christchurch and Poole Council",https://www.bcpcouncil.gov.uk,UK-ENG-E60000289,local_plan_bournemouth_core_strategy,https://www.bcpcouncil.gov.uk/documents/planning-and-building-control/Core-Strategy-1.pdf,pending_ingest,"BCP Council created April 2019 (Bournemouth/Christchurch/Poole boroughs). No unified BCP-wide plan adopted yet (draft withdrawn 2024) - area still governed by 3 legacy plans: Bournemouth Core Strategy (2012), Poole Local Plan (Nov 2018), Christchurch and East Dorset Core Strategy (Apr 2014, covers the Christchurch part). All 3 URLs sourced from official BCP page, blocked by robots.txt for byte-level verification"
Bristol City Council,E60000290,Bristol City Council,https://www.bristol.gov.uk,UK-ENG-E60000290,local_plan_core_strategy,https://www.bristol.gov.uk/files/documents/64-core-strategy-web-pdf-low-res-with-links,pending_ingest,Core Strategy adopted June 2011. New 2022-2040 plan still under examination (not adopted) as of Sep 2026 - do not use once that supersedes this.
Bristol City Council,E60000290,Bristol City Council,https://www.bristol.gov.uk,UK-ENG-E60000290,local_plan_site_allocations,https://www.bristol.gov.uk/files/documents/2235-site-allocations-bd5605,pending_ingest,"Site Allocations and Development Management Policies, adopted July 2014."
Bristol City Council,E60000290,Bristol City Council,https://www.bristol.gov.uk,UK-ENG-E60000290,local_plan_policies_map,https://www.bristol.gov.uk/files/documents/2237-policies-map-sept-14-bd5605,pending_ingest,"Policies Map, adopted July 2014, ~14MB."
Cornwall Council,E60000291,Cornwall Council,https://www.cornwall.gov.uk,UK-ENG-E60000291,local_plan_strategic_policies,https://www.cornwall.gov.uk/media/ozhj5k0z/adopted-local-plan-strategic-policies-2016.pdf,pending_ingest,"Cornwall Local Plan: Strategic Policies (2010-2030), adopted Nov 2016, confirmed live via council's localplan landing page; Site Allocations DPD adopted 2019. Both robots.txt-blocked for direct PDF fetch verification"
Dorset Council,E60000292,Dorset Council,https://www.dorsetcouncil.gov.uk,UK-ENG-E60000292,local_plan_west_dorset_weymouth_portland,"https://www.dorsetcouncil.gov.uk/documents/35024/327480/West+Dorset,+Weymouth+and+Portland+Local+Plan+Adoption+Statement.pdf/f388ed90-9d94-760b-3ed1-745448ee5214",pending_ingest,"Dorset Council created April 2019 (Weymouth and Portland/West Dorset/North Dorset/Purbeck/East Dorset). No unified Dorset-wide plan - governed by legacy district plans: West Dorset, Weymouth and Portland Local Plan adopted Oct 2015 (only an Adoption Statement PDF located, not the full plan text - flag for follow-up); North Dorset Local Plan Part 1 adopted 15 Jan 2016 (403, unverified); Purbeck Local Plan 2018-2034 adopted 18 Jul 2024 (verified, supersedes earlier Purbeck Part 1); Christchurch and East Dorset Core Strategy adopted Apr 2014, covers only the East Dorset part now (Christchurch part moved to BCP) (verified)"
Council of the Isles of Scilly,E60000293,Council of the Isles of Scilly,https://www.scilly.gov.uk,UK-ENG-E60000293,local_plan,https://scilly.gov.uk/sites/default/files/document/planning/Adopted%20Local%20Plan%202015-2030%20Website%20Version_1.pdf,pending_ingest,"Isles of Scilly Local Plan 2015-2030, adopted 25 Mar 2021, confirmed via official page (not independently PDF-fetched). A new Local Plan 2026-2041 is in early preparation, not adopted"
North Somerset Council,E60000294,North Somerset Council,https://www.n-somerset.gov.uk,UK-ENG-E60000294,local_plan_core_strategy,https://n-somerset.gov.uk/sites/default/files/2020-02/Adopted%20Core%20Strategy.pdf,pending_ingest,Core Strategy adopted Apr 2012; Sites and Policies Plan Part 1 (Development Management Policies) adopted 19 Jul 2016; Sites and Policies Plan Part 2 (Site Allocations Plan) adopted 10 Apr 2018. All sourced from official page
Plymouth City Council,E60000295,Plymouth City Council,https://www.plymouth.gov.uk,UK-ENG-E60000295,local_plan_joint,https://www.plymouth.gov.uk/sites/default/files/JLPAdoptedVersion.pdf,pending_ingest,"confirmed via official council page; Plymouth and South West Devon Joint Local Plan (joint with South Hams District Council & West Devon Borough Council), adopted 26 Mar 2019"
South Gloucestershire Council,E60000296,South Gloucestershire Council,https://www.southglos.gov.uk,UK-ENG-E60000296,local_plan_core_strategy,https://beta.southglos.gov.uk/static/2d94cc7df5f44948d9203e439cec8cd7/South-Gloucestershire-Core-Strategy-2006-2027.pdf,pending_ingest,"confirmed via official page; Core Strategy 2006-2027 adopted 11 Dec 2013; Policies, Sites and Places (PSP) Plan adopted 8 Nov 2017. Hosted on council's beta.southglos.gov.uk domain"
Swindon Borough Council,E60000297,Swindon Borough Council,https://www.swindon.gov.uk,UK-ENG-E60000297,local_plan,https://www.swindon.gov.uk/downloads/file/3988/swindon_borough_local_plan_2026,pending_ingest,"confirmed via official page; Swindon Borough Local Plan 2026, adopted 26 Mar 2015"
Torbay Council,E60000298,Torbay Council,https://www.torbay.gov.uk,UK-ENG-E60000298,local_plan,https://www.torbay.gov.uk/media/16942/2012to2030torbaylocalplanweb18may16.pdf,pending_ingest,"verified; Torbay Local Plan 2012-2030 'A landscape for success', adopted 10 Dec 2015"
Wiltshire Council,E60000299,Wiltshire Council,https://wiltshire.gov.uk,UK-ENG-E60000299,local_plan_core_strategy,https://www.wiltshire.gov.uk/media/372/Wiltshire-Core-Strategy-adopted-2015/pdf/Wiltshire_Core_Strategy_2015.pdf?m=1735555642237,pending_ingest,"confirmed via official page; Wiltshire Core Strategy adopted 20 Jan 2015, still the principal strategic plan (a 'Wiltshire Local Plan 2016-2036' was never adopted). Site-specific allocations plans (e.g. Chippenham) also apply but not individually queued"
East Devon District Council,E60000300,East Devon District Council,https://eastdevon.gov.uk,UK-ENG-E60000300,local_plan,,pending_discovery,"HELD BACK at pending_discovery: East Devon Local Plan 2013-2031 adopted 28 Jan 2016, but council publishes by webpage/chapter rather than one master PDF. Only located an 'Adoption Notice' PDF (not the plan text itself) - needs a follow-up pass to find the actual plan document(s) or confirm the site is HTML-only."
Exeter City Council,E60000301,Exeter City Council,https://www.exeter.gov.uk,UK-ENG-E60000301,local_plan_core_strategy,https://www.exeter.gov.uk/media/1636/adopted-core-strategy.pdf,pending_ingest,"Core Strategy adopted 21 Feb 2012. URL extracted from council page text; direct fetch blocked (robots.txt/timeout) - unverified. Exeter's 'Local Plan First Review 1995-2011' (adopted 2005) is also still partly saved but published only as an HTML interactive portal (pub.exeter.gov.uk/asp/local_plan/plan_index.htm), no PDF exists for it"
Mid Devon District Council,E60000302,Mid Devon District Council,https://www.middevon.gov.uk,UK-ENG-E60000302,local_plan,https://www.middevon.gov.uk/media/350631/local-plan-review-final-adopted-version_accessible.pdf,pending_ingest,"verified; Mid Devon Local Plan Review 2013-2033, adopted 29 July 2020"
North Devon District Council,E60000303,North Devon District Council,https://www.northdevon.gov.uk,UK-ENG-E60000303,joint_local_plan,https://democracy.torridge.gov.uk/documents/s34168/North%20Devon%20and%20Torridge%20Local%20Plan%202018.pdf,pending_ingest,"North Devon and Torridge Local Plan 2011-2031 (JOINT with Torridge District Council), adopted Oct 2018. URL unverified - repeated SSL/robots.txt fetch failures on democracy.torridge.gov.uk, but council landing page confirms this is the current adopted plan"
South Hams District Council,E60000304,South Hams District Council,https://www.southhams.gov.uk/,UK-ENG-E60000304,local_plan_joint,https://www.plymouth.gov.uk/sites/default/files/JLPAdoptedVersion.pdf,pending_ingest,"Plymouth and South West Devon Joint Local Plan 2014-2034 (JOINT with Plymouth City Council & West Devon Borough Council), adopted by South Hams 21 Mar 2019. Link confirmed present on plymouth.gov.uk; direct PDF fetch robots-blocked, unverified"
Teignbridge District Council,E60000305,Teignbridge District Council,https://www.teignbridge.gov.uk,UK-ENG-E60000305,local_plan,,pending_discovery,"HELD BACK at pending_discovery: Teignbridge Local Plan 2020-2040 adopted 27 May 2026 (very recent, supersedes 2013-2033 plan) per news report, but teignbridge.gov.uk was unreachable to fetch tools (persistent robots.txt/SSL errors) - only an adoption-statement webpage URL was found, no PDF located or verified. Needs a follow-up pass."
Torridge District Council,E60000306,Torridge District Council,https://www.torridge.gov.uk,UK-ENG-E60000306,joint_local_plan,https://democracy.torridge.gov.uk/documents/s34168/North%20Devon%20and%20Torridge%20Local%20Plan%202018.pdf,pending_ingest,"North Devon and Torridge Local Plan 2011-2031 (JOINT with North Devon District Council), adopted Oct 2018. Same verification caveat as North Devon row"
West Devon Borough Council,E60000307,West Devon Borough Council,https://www.westdevon.gov.uk,UK-ENG-E60000307,local_plan_joint,https://www.plymouth.gov.uk/sites/default/files/JLPAdoptedVersion.pdf,pending_ingest,"Plymouth and South West Devon Joint Local Plan 2014-2034 (JOINT with Plymouth City Council & South Hams District Council), adopted by West Devon 26 Mar 2019. Same PDF/verification caveat as South Hams row"
Cheltenham Borough Council,E60000308,Cheltenham Borough Council,https://www.cheltenham.gov.uk,UK-ENG-E60000308,joint_core_strategy,https://strategiclocalplan.org/wp-content/uploads/2024/06/jcs-plan.pdf,pending_ingest,"verified; Joint Core Strategy (JCS) 2011-2031 (JOINT strategic plan with Gloucester City & Tewkesbury Borough), adopted Dec 2017; Cheltenham Plan (non-strategic local policies) adopted July 2020"
Cotswold District Council,E60000309,Cotswold District Council,https://www.cotswold.gov.uk,UK-ENG-E60000309,local_plan,https://cotswold.gov.uk/media/k2kjvq3b/cotswold-district-local-plan-2011-2031-adopted-3-august-2018-web-version.pdf,pending_ingest,"verified; Cotswold District Local Plan 2011-2031, adopted 3 Aug 2018"
Forest of Dean District Council,E60000310,Forest of Dean District Council,https://www.fdean.gov.uk,UK-ENG-E60000310,allocations_plan,https://www.fdean.gov.uk/media/ruscm3s1/allocations-plan.pdf,pending_ingest,"Allocations Plan 2006-2026, adopted June 2018 (verified as real PDF). The other half of the development plan, the Core Strategy (adopted 23 Feb 2012), has no locatable full-document PDF - only the policy landing page (https://www.fdean.gov.uk/planning-and-building/planning-policy/our-current-local-plan/) was found, blocked by 403 for further checking - needs a follow-up pass to find/confirm a Core Strategy PDF"
Gloucester City Council,E60000311,Gloucester City Council,https://www.gloucester.gov.uk,UK-ENG-E60000311,joint_core_strategy,https://strategiclocalplan.org/wp-content/uploads/2024/06/jcs-plan.pdf,pending_ingest,"verified; Joint Core Strategy (JCS) 2011-2031 (JOINT with Cheltenham Borough & Tewkesbury Borough), adopted Dec 2017; Gloucester City Plan 2011-2031, adopted Jan 2023"
Stroud District Council,E60000312,Stroud District Council,https://www.stroud.gov.uk,UK-ENG-E60000312,local_plan,https://www.stroud.gov.uk/media/2iqhaixj/stroud-district-local-plan_november-2015_low-res_for-web.pdf,pending_ingest,"verified; Stroud District Local Plan, adopted Nov 2015"
Tewkesbury Borough Council,E60000313,Tewkesbury Borough Council,https://tewkesbury.gov.uk,UK-ENG-E60000313,joint_core_strategy,https://strategiclocalplan.org/wp-content/uploads/2024/06/jcs-plan.pdf,pending_ingest,"verified; Joint Core Strategy (JCS) 2011-2031 (JOINT with Cheltenham Borough & Gloucester City), adopted Dec 2017; Tewkesbury Borough Plan 2011-2031, adopted 8 June 2022"
Mendip District Council,E60000314,Mendip District Council,https://www.mendip.gov.uk,UK-ENG-E60000314,local_plan,,pending_discovery,
Sedgemoor District Council,E60000315,Sedgemoor District Council,https://www.sedgemoor.gov.uk,UK-ENG-E60000315,local_plan,,pending_discovery,
Somerset West and Taunton Council,E60000316,Somerset West and Taunton Council,https://www.somersetwestandtaunton.gov.uk,UK-ENG-E60000316,local_plan,,pending_discovery,
South Somerset District Council,E60000317,South Somerset District Council,https://www.southsomerset.gov.uk,UK-ENG-E60000317,local_plan,,pending_discovery,
Dartmoor National Park Authority,E60000318,Dartmoor National Park Authority,https://www.dartmoor.gov.uk,UK-ENG-E60000318,local_plan,,pending_discovery,
Exmoor National Park Authority,E60000319,Exmoor National Park Authority,https://www.exmoor-nationalpark.gov.uk,UK-ENG-E60000319,local_plan,,pending_discovery,
Lake District National Park Authority,E60000320,Lake District National Park Authority,https://www.lakedistrict.gov.uk,UK-ENG-E60000320,local_plan,,pending_discovery,
New Forest National Park Authority,E60000321,New Forest National Park Authority,https://www.newforestnpa.gov.uk,UK-ENG-E60000321,local_plan,,pending_discovery,
North York Moors National Park Authority,E60000322,North York Moors National Park Authority,https://www.northyorkmoors.org.uk,UK-ENG-E60000322,local_plan,,pending_discovery,
Northumberland National Park Authority,E60000323,Northumberland National Park Authority,https://www.northumberlandnationalpark.org.uk,UK-ENG-E60000323,local_plan,,pending_discovery,
Peak District National Park Authority,E60000324,Peak District National Park Authority,https://www.peakdistrict.gov.uk,UK-ENG-E60000324,local_plan,,pending_discovery,
South Downs National Park Authority,E60000325,South Downs National Park Authority,https://www.southdowns.gov.uk,UK-ENG-E60000325,local_plan,,pending_discovery,
Broads Authority,E60000326,Broads Authority,http://www.broads-authority.gov.uk/broads-authority,UK-ENG-E60000326,local_plan,,pending_discovery,
Yorkshire Dales National Park Authority,E60000327,Yorkshire Dales National Park Authority,https://www.yorkshiredales.org.uk,UK-ENG-E60000327,local_plan,,pending_discovery,
Ebbsfleet Development Corporation,E60000328,Ebbsfleet Development Corporation,https://ebbsfleetdc.org.uk,UK-ENG-E60000328,local_plan,,pending_discovery,
London Legacy Development Corporation,E60000329,London Legacy Development Corporation,https://www.queenelizabetholympicpark.co.uk/planning-authority/planning-policy,UK-ENG-E60000329,local_plan,,pending_discovery,
Old Oak and Park Royal Development Corporation,E60000330,Old Oak and Park Royal Development Corporation,https://www.london.gov.uk/about-us/organisations-we-work/old-oak-and-park-royal-development-corporation-opdc,UK-ENG-E60000330,local_plan,,pending_discovery,
Buckinghamshire Council,E60000331,Buckinghamshire Council,https://www.buckinghamshire.gov.uk/,UK-ENG-E60000331,local_plan_aylesbury_area,https://buckinghamshire-gov-uk.s3.amazonaws.com/documents/Aylesbury_local_plan_L46JWaT.pdf,pending_ingest,"Buckinghamshire Council was created 1 April 2020 (replacing Aylesbury Vale/Chiltern/South Bucks/Wycombe). No unified Buckinghamshire-wide Local Plan exists yet - a single plan is in Regulation 19/examination stage, not adopted; the joint 'Chiltern and South Bucks Local Plan 2036' was withdrawn. Planning policy is still governed area-by-area by these legacy district plans (VALP adopted 2021, Wycombe adopted Aug 2019 verified, Chiltern 1997 + Core Strategy 2011, South Bucks 1999 verified + Core Strategy 2011 verified). Aylesbury and Chiltern legacy docs returned 403 to bot fetch but filenames match the council's own S3 document store"
North Northamptonshire Council,E60000332,North Northamptonshire Council,https://www.northnorthants.gov.uk/,UK-ENG-E60000332,local_plan,,pending_discovery,
West Northamptonshire Council,E60000333,West Northamptonshire Council,https://www.westnorthants.gov.uk/,UK-ENG-E60000333,local_plan,,pending_discovery,
Cumberland Council,E60000334,Cumberland Council,https://www.cumberland.gov.uk/,UK-ENG-E60000334,local_plan,,pending_discovery,
Westmorland and Furness Council,E60000335,Westmorland and Furness Council,https://www.westmorlandandfurness.gov.uk/,UK-ENG-E60000335,local_plan,,pending_discovery,
North Yorkshire Council,E60000336,North Yorkshire Council,https://www.northyorks.gov.uk/,UK-ENG-E60000336,local_plan,,pending_discovery,
Somerset Council,E60000337,Somerset Council,https://www.somerset.gov.uk/,UK-ENG-E60000337,local_plan,,pending_discovery,
City of London Corporation,E60000189,City of London Corporation,https://www.cityoflondon.gov.uk/,UK-ENG-E60000189,local_plan_policies_map,https://www.cityoflondon.gov.uk/assets/Services-Environment/planning-local-plan-adopted-policies-mapa-adopted-2015.pdf,pending_ingest,"discovered via research batch 2026-09; direct PDF, currently-adopted version"
London Borough of Enfield,E60000209,London Borough of Enfield,https://www.enfield.gov.uk,UK-ENG-E60000209,local_plan_development_management,https://www.enfield.gov.uk/__data/assets/pdf_file/0015/122820/E10-Adopted-development-management-document-2014-Planning.pdf,pending_ingest,"discovered via research batch 2026-09; direct PDF, currently-adopted version"
London Borough of Enfield,E60000209,London Borough of Enfield,https://www.enfield.gov.uk,UK-ENG-E60000209,local_plan_policies_map,https://www.enfield.gov.uk/__data/assets/pdf_file/0022/3487/adopted-polices-map-planning.pdf,pending_ingest,"discovered via research batch 2026-09; direct PDF, currently-adopted version"
London Borough of Haringey,E60000192,London Borough of Haringey,https://www.haringey.gov.uk,UK-ENG-E60000192,local_plan_site_allocations,https://gat04-live-1517c8a4486c41609369c68f30c8-aa81074.divio-media.org/filer_public/cd/8c/cd8c5b0c-20eb-416c-8497-fcb4fc1b1560/cd_38_-_site_allocations_development_plan_document_dpd_-_july_2017.pdf,pending_ingest,"discovered via research batch 2026-09; direct PDF, currently-adopted version"
London Borough of Harrow,E60000211,London Borough of Harrow,https://www.harrow.gov.uk,UK-ENG-E60000211,local_plan_development_management,https://www.harrow.gov.uk/downloads/file/23258/local-plan-development-management-policies.pdf,pending_ingest,"discovered via research batch 2026-09; direct PDF, currently-adopted version"
London Borough of Harrow,E60000211,London Borough of Harrow,https://www.harrow.gov.uk,UK-ENG-E60000211,local_plan_site_allocations,https://www.harrow.gov.uk/downloads/file/23269/local-plan-site-allocations,pending_ingest,"discovered via research batch 2026-09; direct PDF, currently-adopted version"
London Borough of Hillingdon,E60000213,London Borough of Hillingdon,https://www.hillingdon.gov.uk,UK-ENG-E60000213,local_plan_development_management,https://www.hillingdon.gov.uk/media/3084/Hillingdon-Local-Plan-Part-2-Development-Management-Policies/pdf/LPP2_Development_Management_Policies_-_ADOPTED_VERSION_JAN_2020_1.pdf,pending_ingest,"discovered via research batch 2026-09; direct PDF, currently-adopted version"
London Borough of Hounslow,E60000214,London Borough of Hounslow,https://www.hounslow.gov.uk,UK-ENG-E60000214,local_plan_volume_2,https://www.hounslow.gov.uk/downloads/file/13224/hounslow-local-plan-part-2-direct,pending_ingest,"discovered via research batch 2026-09; direct PDF, currently-adopted version"
London Borough of Hounslow,E60000214,London Borough of Hounslow,https://www.hounslow.gov.uk,UK-ENG-E60000214,local_plan_policies_map_west,https://www.hounslow.gov.uk/downloads/file/13225/lb-hounslow-local-plan-policies-map-1-west,pending_ingest,"discovered via research batch 2026-09; direct PDF, currently-adopted version"
London Borough of Hounslow,E60000214,London Borough of Hounslow,https://www.hounslow.gov.uk,UK-ENG-E60000214,local_plan_policies_map_east,https://www.hounslow.gov.uk/downloads/file/13226/lb-hounslow-local-plan-policies-map-2-east,pending_ingest,"discovered via research batch 2026-09; direct PDF, currently-adopted version"
London Borough of Islington,E60000193,London Borough of Islington,https://www.islington.gov.uk,UK-ENG-E60000193,local_plan_site_allocations,https://www.islington.gov.uk/-/media/sharepoint-lists/public-records/planningandbuildingcontrol/publicity/publicconsultation/20232024/islington-council-local-plan-site-allocations.pdf,pending_ingest,"discovered via research batch 2026-09; direct PDF, currently-adopted version"
London Borough of Islington,E60000193,London Borough of Islington,https://www.islington.gov.uk,UK-ENG-E60000193,local_plan_bunhill_clerkenwell_aap,https://www.islington.gov.uk/-/media/sharepoint-lists/public-records/planningandbuildingcontrol/publicity/publicconsultation/20232024/islington-council-local-plan-bunhill-and-clerkenwell-area-action-plan.pdf,pending_ingest,"discovered via research batch 2026-09; direct PDF, currently-adopted version"
London Borough of Islington,E60000193,London Borough of Islington,https://www.islington.gov.uk,UK-ENG-E60000193,local_plan_policies_map,https://www.islington.gov.uk/-/media/sharepoint-lists/public-records/planningandbuildingcontrol/publicity/publicconsultation/20232024/islington-local-plan-policies-map-adopted-28-september-2023.pdf,pending_ingest,"discovered via research batch 2026-09; direct PDF, currently-adopted version"
Royal Borough of Kensington and Chelsea,E60000194,Royal Borough of Kensington and Chelsea,https://www.rbkc.gov.uk/,UK-ENG-E60000194,local_plan_policies_map,https://www.rbkc.gov.uk/sites/default/files/media/documents/NLPR%20Policies%20Map_July2024_compressed.pdf,pending_ingest,"discovered via research batch 2026-09; direct PDF, currently-adopted version"
London Borough of Lewisham,E60000196,London Borough of Lewisham,https://www.lewisham.gov.uk,UK-ENG-E60000196,local_plan_policies_map,https://lewisham.gov.uk/-/media/services/planning/local-plan/lpnov25/250925_adopted-policies-map-borough.pdf,pending_ingest,"discovered via research batch 2026-09; direct PDF, currently-adopted version"
Stockton-on-Tees Borough Council,E60000007,Stockton-on-Tees Borough Council,https://www.stockton.gov.uk,UK-ENG-E60000007,local_plan_policies_map,https://www.stockton.gov.uk/media/2515/Local-plan-map-policies/pdf/Local_plan_-_map_policies.pdf,pending_ingest,verified
Gateshead Metropolitan Borough Council,E60000008,Gateshead Metropolitan Borough Council,https://www.gateshead.gov.uk,UK-ENG-E60000008,local_plan_site_allocations,https://www.gateshead.gov.uk/media/24197/MSGP-plan/pdf/MSGP_Final_Feb_2021.pdf,pending_ingest,verified; core strategy is a joint document shared with Newcastle
Newcastle City Council,E60000009,Newcastle City Council,https://www.newcastle.gov.uk,UK-ENG-E60000009,local_plan_development_allocations,https://www.newcastle.gov.uk/sites/default/files/2026-06/DAP%20FINAL%20Adoption%20-%20Online%20Version.pdf,pending_ingest,verified; core strategy is a joint document shared with Gateshead
Sunderland City Council,E60000012,Sunderland City Council,https://www.sunderland.gov.uk,UK-ENG-E60000012,local_plan_policies_map,https://www.sunderland.gov.uk/media/22425/CSDP-Policies-Map/pdf/CSDP_Policies_Map.pdf,pending_ingest,"verified; no new Local Plan adopted yet, this is the current CSDP"
Blackpool Borough Council,E60000014,Blackpool Borough Council,https://www.blackpool.gov.uk,UK-ENG-E60000014,local_plan_site_allocations,https://www.blackpool.gov.uk/Residents/Planning-environment-and-community/Documents/LPP2-Adoption-Final-Feb-23.pdf,pending_ingest,adoption confirmed via council pages
Cheshire East Council,E60000015,Cheshire East Council,https://www.cheshireeast.gov.uk,UK-ENG-E60000015,local_plan_site_allocations,https://www.cheshireeast.gov.uk/planning/spatial-planning/cheshire_east_local_plan/site-allocations-and-policies/sadpd-examination/documents/examination-library/adopted-sadpd.pdf,pending_ingest,sourced from council's own local-plan-policies page; direct fetch-verify blocked by robots.txt
Cheshire West and Chester Council,E60000016,Cheshire West and Chester Council,https://www.cheshirewestandchester.gov.uk,UK-ENG-E60000016,local_plan_site_allocations,https://cheshirewestandchester.objective.co.uk/events/36246/5428432_accessible.pdf,pending_ingest,"Part One on official subdomain; Part Two on objective.co.uk mirror, fetch-verify blocked by SSL/robots errors - LOWER CONFIDENCE, spot-check before ingest"
Allerdale Borough Council,E60000019,Allerdale Borough Council,https://www.allerdale.gov.uk,UK-ENG-E60000019,local_plan_site_allocations,https://www.cumberland.gov.uk/sites/default/files/2025-03/Allerdale%20Local%20Plan%20part%202.pdf,pending_ingest,"verified; Allerdale BC was abolished April 2023 and merged into Cumberland Council, which now holds this function - no new unified Cumberland plan yet, so this legacy Allerdale plan (rehosted on cumberland.gov.uk) remains the current adopted policy for this area"
Eden District Council,E60000023,Eden District Council,https://www.eden.gov.uk,UK-ENG-E60000023,local_plan_policies_map,https://www.eden.gov.uk/media/5146/policy_map_eden_local_plan_2014_2032_eden_district.pdf,pending_ingest,"verified; Eden DC abolished April 2023, function now held by Westmorland and Furness Council - legacy plan still current"
South Lakeland District Council,E60000024,South Lakeland District Council,https://www.southlakeland.gov.uk,UK-ENG-E60000024,local_plan_site_allocations,https://www.southlakeland.gov.uk/media/6179/01-local-plan_land-allocations-adopted-dec-2013.pdf,pending_ingest,"South Lakeland DC abolished April 2023, function now held by Westmorland and Furness Council - legacy plan still current"
South Lakeland District Council,E60000024,South Lakeland District Council,https://www.southlakeland.gov.uk,UK-ENG-E60000024,local_plan_development_management,https://www.southlakeland.gov.uk/media/6466/final-dm-dpd-adoption-accessible.pdf,pending_ingest,"South Lakeland DC abolished April 2023, function now held by Westmorland and Furness Council - legacy plan still current"
Bolton Metropolitan Borough Council,E60000025,Bolton Metropolitan Borough Council,https://www.bolton.gov.uk,UK-ENG-E60000025,local_plan_site_allocations,https://www.bolton.gov.uk/downloads/file/671/allocations-plan-written-statement,pending_ingest,"verified, full text confirmed"
Bury Metropolitan Borough Council,E60000026,Bury Metropolitan Borough Council,https://www.bury.gov.uk,UK-ENG-E60000026,local_plan_development_management,https://www.bury.gov.uk/asset-library/unitary-development-plan-part-1-general-policies.pdf,pending_ingest,"current adopted plan is still the legacy 1997 Unitary Development Plan (saved policies); a replacement is only in draft. UDP is split into many more chapter PDFs (housing, environment, shopping etc. - see https://www.bury.gov.uk/planning-building-control/planning-policy/bury-unitary-development-plan) not individually captured here - PARTIAL coverage"
Stockport Metropolitan Borough Council,E60000031,Stockport Metropolitan Borough Council,https://www.stockport.gov.uk,UK-ENG-E60000031,local_plan_udp_saved_policies,https://s3-eu-west-1.amazonaws.com/live-iag-static-assets/pdf/LDF/AdoptedPlans/Stockport+Unitary+Development+Plan+Review.pdf,pending_ingest,"URLs hosted on third-party CDN/S3 buckets rather than stockport.gov.uk directly - not independently fetch-verified, spot-check before ingest"
Tameside Metropolitan Borough Council,E60000032,Tameside Metropolitan Borough Council,https://www.tameside.gov.uk,UK-ENG-E60000032,local_plan_places_for_everyone,https://www.greatermanchester-ca.gov.uk/media/lhudo3fg/26797_place-for-everyone-adopted-plan_v22_compressed.pdf,pending_ingest,"UDP link is the best found but not a clean direct-attachment URL - LOWER CONFIDENCE, spot-check; Places for Everyone is a joint strategic plan across several Greater Manchester boroughs, adopted 21 Mar 2024"
Trafford Metropolitan Borough Council,E60000033,Trafford Metropolitan Borough Council,https://www.trafford.gov.uk,UK-ENG-E60000033,local_plan_places_for_everyone,https://www.greatermanchester-ca.gov.uk/media/lhudo3fg/26797_place-for-everyone-adopted-plan_v22_compressed.pdf,pending_ingest,adopted Jan 2012; no separate saved-UDP PDF found. Places for Everyone is the same joint GMCA document as Tameside/Wigan
Wigan Metropolitan Borough Council,E60000034,Wigan Metropolitan Borough Council,https://www.wigan.gov.uk,UK-ENG-E60000034,local_plan_places_for_everyone,https://www.greatermanchester-ca.gov.uk/media/lhudo3fg/26797_place-for-everyone-adopted-plan_v22_compressed.pdf,pending_ingest,adopted Sept 2013; Allocations Plan still in draft. Places for Everyone is the same joint GMCA document as Tameside/Trafford
Chorley Borough Council,E60000036,Chorley Borough Council,https://www.chorley.gov.uk,UK-ENG-E60000036,local_plan_site_allocations,https://chorley.gov.uk/downloads/file/260/chorley-local-plan-2012-2026-adopted-2015,pending_ingest,"core strategy is a joint Central Lancashire document (Jul 2012); site allocations link resolved as an HTML/attachment page in a scripted check (403) but as the adopted document via WebFetch, adopted Jul 2015 - spot-check before ingest Note: this council is among those scheduled for possible abolition/merger into a new Lancashire unitary authority around April 2028 (subject to Parliament, announced Jul 2026); still the operative planning authority for now."
Lancaster City Council,E60000039,Lancaster City Council,https://www.lancaster.gov.uk,UK-ENG-E60000039,local_plan_part2_development_management,https://www.lancaster.gov.uk/assets/attach/14311/2.Part-Two_DPD_DM_Adopted-FINAL.pdf,pending_ingest,"verified; Climate Emergency Review DPDs, adopted 22 Jan 2025, supersede the 2020 plan Note: this council is among those scheduled for possible abolition/merger into a new Lancashire unitary authority around April 2028 (subject to Parliament, announced Jul 2026); still the operative planning authority for now."
Preston City Council,E60000041,Preston City Council,https://www.preston.gov.uk,UK-ENG-E60000041,local_plan_site_allocations,https://www.preston.gov.uk/media/1952/Preston-s-Local-Plan/pdf/Preston-Local-Plan-2012-2026-_(8).pdf?m=637056240884300000,pending_ingest,"core strategy is a joint Central Lancashire doc (also used by South Ribble); site allocations found via search, preston.gov.uk blocked direct fetch (403) so not independently confirmed. A newer joint Central Lancashire plan 2023-2041 is in examination, not adopted"
Rossendale Borough Council,E60000043,Rossendale Borough Council,https://www.rossendale.gov.uk,UK-ENG-E60000043,local_plan_policies_map,https://www.rossendale.gov.uk/downloads/file/17086/rossendale_local_plan_2019_to_2036_-_policies_map,pending_ingest,"adopted 15 Dec 2021; policies map URL resolves but WebFetch flagged it as image content rather than a clean PDF - the ingest script's %PDF- header check will catch this, spot-check if it errors"
South Ribble Borough Council,E60000044,South Ribble Borough Council,https://www.southribble.gov.uk,UK-ENG-E60000044,local_plan_site_allocations,https://southribble.gov.uk/downloads/file/602/local-plan-adopted-july-2015,pending_ingest,"core strategy is the same joint Central Lancashire doc as Preston's, verified; site allocations verified, adopted July 2015"
Wyre Borough Council,E60000046,Wyre Borough Council,https://www.wyre.gov.uk,UK-ENG-E60000046,local_plan_policies_map,https://www.wyre.gov.uk/downloads/file/1596/adopted-local-plan-policies-map,pending_ingest,"verified; adopted 26 Jan 2023, incorporating 2022 partial update"
Liverpool City Council,E60000048,Liverpool City Council,https://www.liverpool.gov.uk,UK-ENG-E60000048,local_plan_policies_map,https://liverpool.gov.uk/media/42aitxg2/liverpool-prop-map_lo.pdf,pending_ingest,"adopted 26 Jan 2022; sourced from official page text, WebFetch direct re-verification blocked by robots.txt"
East Riding of Yorkshire Council,E60000052,East Riding of Yorkshire Council,https://www.eastriding.gov.uk/,UK-ENG-E60000052,local_plan_site_allocations,https://downloads.eastriding.org.uk/corporate/pages/east-riding-local-plan-update/adoption-docs/LPU%20-%20Allocations%20Document%20Update%20Adopted%202025.pdf,pending_ingest,"Local Plan Update, adopted 2 April 2025"
Hull City Council,E60000053,Hull City Council,https://www.hullcc.gov.uk,UK-ENG-E60000053,local_plan_policies_map,https://www.hull.gov.uk/downloads/file/4076/hull-local-plan-2016-to-2032-policies-map,pending_ingest,"Hull Local Plan 2016-2032, adopted Nov 2017 (council now branded hull.gov.uk)"
Harrogate Borough Council,E60000059,Harrogate Borough Council,https://www.harrogate.gov.uk,UK-ENG-E60000059,local_plan_ch5_7,https://www.northyorks.gov.uk/sites/default/files/2023-03/Housing%20transport%20and%20infrastructure%20and%20climate%20change%20chapters%205%206%20and%207%20-%20accessible.pdf,pending_ingest,"Harrogate BC abolished 1 Apr 2023, merged into North Yorkshire Council (see Craven note) - legacy Harrogate District Local Plan 2014-2035 (adopted March 2020) continues to apply, now hosted by North Yorkshire Council. Split into 7 chapter-group PDFs plus separate policies maps - only 2 of the chapter groups captured here, PARTIAL coverage, see northyorks.gov.uk's harrogate-district-local-plan page for the rest"
Ryedale District Council,E60000061,Ryedale District Council,https://www.ryedale.gov.uk,UK-ENG-E60000061,local_plan_site_allocations,https://www.northyorks.gov.uk/sites/default/files/fileroot/planning_migrated/planning_policy/The-Ryedale-Plan-Local-Plan-Sites-Document-Final.pdf,pending_ingest,"Ryedale DC abolished 1 Apr 2023, merged into North Yorkshire Council (see Craven note) - legacy Ryedale Plan (Strategy adopted 2013, Sites Document adopted 27 June 2019) continues to apply, now hosted by North Yorkshire Council. Both verified as real PDFs"
Barnsley Metropolitan Borough Council,E60000064,Barnsley Metropolitan Borough Council,https://www.barnsley.gov.uk,UK-ENG-E60000064,local_plan_policies_map,https://www.barnsley.gov.uk/media/17579/local-plan-adopted-policies-map.pdf,pending_ingest,adopted 3 Jan 2019
Rotherham Metropolitan Borough Council,E60000066,Rotherham Metropolitan Borough Council,https://www.rotherham.gov.uk,UK-ENG-E60000066,local_plan_site_allocations,https://www.rotherham.gov.uk/downloads/file/478/sites-and-policies-document,pending_ingest,"both verified; Core Strategy adopted Sept 2014, Sites and Policies Document adopted June 2018"
Calderdale Metropolitan Borough Council,E60000069,Calderdale Metropolitan Borough Council,https://www.calderdale.gov.uk,UK-ENG-E60000069,local_plan_site_allocations,https://calderdale.gov.uk/docs/local-plan/Local-Plan-Appendix-1.pdf,pending_ingest,"Calderdale Local Plan 2018/19-2032/33, adopted 22 March 2023. Written Statement verified; Site Allocations (Appendix 1) found via search, not independently WebFetch-verified - spot-check before ingest"
Kirklees Council,E60000070,Kirklees Council,https://www.kirklees.gov.uk,UK-ENG-E60000070,local_plan_site_allocations,https://www.kirklees.gov.uk/beta/planning-policy/pdf/local-plan-allocations-and-designations.pdf,pending_ingest,"Kirklees Local Plan, adopted 27 Feb 2019. Policies Maps exist per sub-area but not individually queued"
Leeds City Council,E60000071,Leeds City Council,https://www.leeds.gov.uk,UK-ENG-E60000071,local_plan_site_allocations,https://www.leeds.gov.uk/sites/default/files/files-imported/457937c7ec1a59f5bc4641ca870b8e0e8ed6954f2cda18ba1301afb956ef31a2.pdf,pending_ingest,"Core Strategy (2014, amended by Selective Review Sept 2019) verified; Site Allocations Plan (adopted 2019) is split into ~12 separate PDFs by geographic area - only the intro doc captured here, PARTIAL coverage"
Wakefield Metropolitan District Council,E60000072,Wakefield Metropolitan District Council,https://www.wakefield.gov.uk,UK-ENG-E60000072,local_plan_site_allocations,https://www.wakefield.gov.uk/media/sgqhjxbi/volume-2-settlement-specific-policies.pdf,pending_ingest,"Wakefield District Local Plan, adopted 24 Jan 2024, in two volumes. Both blocked to fetch tool by robots.txt but sourced directly from council's own current planning-policy page - link pattern trustworthy but not content-verified. Policies Map is interactive/HTML only, no PDF"
Derby City Council,E60000073,Derby City Council,https://www.derby.gov.uk,UK-ENG-E60000073,local_plan_saved_policies,https://derby.gov.uk/media/derbycitycouncil/contentassets/documents/environmentandplanning/planning/pispondon/cd04/cdlpr-2017.pdf,pending_ingest,"Local Plan Part 1 Core Strategy (Jan 2017) verified; Part 2 (site allocations) never adopted, so saved policies from the 2006 City of Derby Local Plan Review fill the gap, also verified. New unified Local Plan only at draft/Reg 18 stage"
Nottingham City Council,E60000075,Nottingham City Council,https://www.nottinghamcity.gov.uk,UK-ENG-E60000075,local_plan_site_allocations,https://www.nottinghamcity.gov.uk/media/vzxjnxaa/land-and-planning-policies-document-lapp-2020.pdf,pending_ingest,"Part 1 Aligned Core Strategy (adopted Sept 2014) + Part 2 Land and Planning Policies/LAPP (adopted Jan 2020, incl. site allocations & dev management policies), both verified"
Rutland County Council,E60000076,Rutland County Council,https://www.rutland.gov.uk,UK-ENG-E60000076,local_plan_site_allocations,https://www.rutland.gov.uk/sites/default/files/2022-12/Site%20Allocations%20and%20Policies%20DPD%20%28October%202014%29.pdf,pending_ingest,"verified; currently-adopted 2011-2026 plan (a 2021-2041 successor is in examination, not yet adopted). A separate Minerals Core Strategy DPD (2010) also exists but wasn't queued (specialist minerals plan, not general planning policy)"
Chesterfield Borough Council,E60000079,Chesterfield Borough Council,https://www.chesterfield.gov.uk,UK-ENG-E60000079,local_plan_policies_map,https://chesterfield.gov.uk/media/eo4bb12q/local-plan-policies-map.pdf,pending_ingest,verified; adopted 15 Jul 2020
Erewash Borough Council,E60000081,Erewash Borough Council,https://www.erewash.gov.uk,UK-ENG-E60000081,local_plan_saved_policies,https://www.erewash.gov.uk/sites/default/files/2025-02/erewash_local_plan_saved_policies_2005_amended_2014_v2.pdf,pending_ingest,no single up-to-date Local Plan; policy rests on Core Strategy (adopted March 2014) + saved 2005 policies (amended 2014). Erewash's plan-making has been under central-government intervention since 2023 for delay
South Derbyshire District Council,E60000084,South Derbyshire District Council,https://www.southderbyshire.gov.uk/,UK-ENG-E60000084,local_plan_part2,https://www.southderbyshire.gov.uk/assets/attach/2523/Local-Plan-Part-2-reduced-file.pdf,pending_ingest,Part 1 strategy adopted June 2016; Part 2 site allocations/development management adopted Nov 2017
Blaby District Council,E60000085,Blaby District Council,https://www.blaby.gov.uk,UK-ENG-E60000085,local_plan_delivery_dpd,https://www.blaby.gov.uk/media/15ebnxns/blaby-district-adoped-local-plan.pdf,pending_ingest,"Core Strategy adopted Feb 2013; Delivery DPD adopted Feb 2019, both verified"
Charnwood Borough Council,E60000086,Charnwood Borough Council,https://www.charnwood.gov.uk,UK-ENG-E60000086,local_plan_policies_map,https://www.charnwood.gov.uk/files/documents/policies_map_1/Policies%20Map%201.pdf,pending_ingest,"verified; Charnwood Local Plan 2021-37 adopted 19 Jan 2026 (very recent), supersedes older 2011-2028 Core Strategy"
Hinckley and Bosworth Borough Council,E60000088,Hinckley and Bosworth Borough Council,https://www.hinckley-bosworth.gov.uk,UK-ENG-E60000088,local_plan_site_allocations,https://www.hinckley-bosworth.gov.uk/downloads/file/5295/site_allocations_and_development_management_policies_dpd_-_adopted_july_2016,pending_ingest,Site Allocations DPD adopted July 2016; a 2024-2045 review is underway but not yet adopted
Melton Borough Council,E60000089,Melton Borough Council,https://www.melton.gov.uk,UK-ENG-E60000089,local_plan_appendices,https://www.meltonplan.co.uk/_files/ugd/2778e0_ec19e0e3c5184e2091477ee65acd3bd1.pdf,pending_ingest,"Melton Local Plan 2011-2036, adopted 10 Oct 2018; a review is underway, not yet adopted"
North West Leicestershire District Council,E60000090,North West Leicestershire District Council,https://www.nwleics.gov.uk,UK-ENG-E60000090,local_plan_policies_map,https://www.nwleics.gov.uk/files/documents/adopted_district_wide_policies_map_november_2017/Adopted%20District%20Wide%20%20Policies%20Map.pdf,pending_ingest,"Local Plan 2011-2031 as amended by Partial Review, adopted 16 Mar 2021"
East Lindsey District Council,E60000093,East Lindsey District Council,https://www.e-lindsey.gov.uk,UK-ENG-E60000093,local_plan_settlement_proposals,https://www.e-lindsey.gov.uk/media/15269/Adopted-Settlement-Proposals/pdf/AdoptedSettlementProposalsDocument.pdf,pending_ingest,"East Lindsey Local Plan, adopted 18 Jul 2018; a review is underway, not yet adopted"
Corby Borough Council,E60000099,Corby Borough Council,https://www.corby.gov.uk,UK-ENG-E60000099,local_plan_site_allocations,https://cms.northnorthants.gov.uk/media/6644/download,pending_ingest,"Northamptonshire's district councils and county council were abolished 1 Apr 2021, replaced by North Northamptonshire Council and West Northamptonshire Council. This area is covered by North Northamptonshire Council, which has NOT adopted a unified new plan yet - current policy is the pre-2021 Joint Core Strategy plus this district's own legacy Part 2 plan, both rehosted on northnorthants.gov.uk. Links sourced from council's own current plan pages; robots.txt blocks automated fetch verification of the binaries themselves. Corby Part 2 Local Plan adopted Sep 2021."
Daventry District Council,E60000100,Daventry District Council,https://www.daventrydc.gov.uk,UK-ENG-E60000100,local_plan_site_allocations,https://cms.westnorthants.gov.uk/media/5389/download,pending_ingest,"Northamptonshire's district councils and county council were abolished 1 Apr 2021, replaced by North Northamptonshire Council and West Northamptonshire Council. This area is covered by West Northamptonshire Council, which has NOT adopted a unified new plan yet - current policy is the pre-2021 Joint Core Strategy plus this district's own legacy Part 2 plan, both rehosted on westnorthants.gov.uk. Links sourced from council's own current plan pages; robots.txt blocks automated fetch verification of the binaries themselves. Daventry Settlements and Countryside Local Plan Part 2 2011-2029 adopted Feb 2020."
East Northamptonshire Council,E60000101,East Northamptonshire Council,https://www.east-northamptonshire.gov.uk,UK-ENG-E60000101,local_plan_site_allocations,https://cms.northnorthants.gov.uk/media/11930/download,pending_ingest,"Northamptonshire's district councils and county council were abolished 1 Apr 2021, replaced by North Northamptonshire Council and West Northamptonshire Council. This area is covered by North Northamptonshire Council, which has NOT adopted a unified new plan yet - current policy is the pre-2021 Joint Core Strategy plus this district's own legacy Part 2 plan, both rehosted on northnorthants.gov.uk. Links sourced from council's own current plan pages; robots.txt blocks automated fetch verification of the binaries themselves. East Northamptonshire Local Plan Part 2 adopted Dec 2023."
Kettering Borough Council,E60000102,Kettering Borough Council,https://www.kettering.gov.uk,UK-ENG-E60000102,local_plan_site_allocations,https://cms.northnorthants.gov.uk/media/6482/download,pending_ingest,"Northamptonshire's district councils and county council were abolished 1 Apr 2021, replaced by North Northamptonshire Council and West Northamptonshire Council. This area is covered by North Northamptonshire Council, which has NOT adopted a unified new plan yet - current policy is the pre-2021 Joint Core Strategy plus this district's own legacy Part 2 plan, both rehosted on northnorthants.gov.uk. Links sourced from council's own current plan pages; robots.txt blocks automated fetch verification of the binaries themselves. Kettering Site Specific Part 2 Local Plan adopted Dec 2021."
Northampton Borough Council,E60000103,Northampton Borough Council,https://www.northampton.gov.uk,UK-ENG-E60000103,local_plan_site_allocations,https://cms.westnorthants.gov.uk/media/6899/download,pending_ingest,"Northamptonshire's district councils and county council were abolished 1 Apr 2021, replaced by North Northamptonshire Council and West Northamptonshire Council. This area is covered by West Northamptonshire Council, which has NOT adopted a unified new plan yet - current policy is the pre-2021 Joint Core Strategy plus this district's own legacy Part 2 plan, both rehosted on westnorthants.gov.uk. Links sourced from council's own current plan pages; robots.txt blocks automated fetch verification of the binaries themselves. Northampton Local Plan Part 2 2011-2029 adopted Mar 2023."
South Northamptonshire Council,E60000104,South Northamptonshire Council,https://www.southnorthants.gov.uk,UK-ENG-E60000104,local_plan_site_allocations,https://cms.westnorthants.gov.uk/media/5501/download,pending_ingest,"Northamptonshire's district councils and county council were abolished 1 Apr 2021, replaced by North Northamptonshire Council and West Northamptonshire Council. This area is covered by West Northamptonshire Council, which has NOT adopted a unified new plan yet - current policy is the pre-2021 Joint Core Strategy plus this district's own legacy Part 2 plan, both rehosted on westnorthants.gov.uk. Links sourced from council's own current plan pages; robots.txt blocks automated fetch verification of the binaries themselves. South Northamptonshire Local Plan Part 2 2011-2029 adopted Jul 2020."
Broxtowe Borough Council,E60000108,Broxtowe Borough Council,https://www.broxtowe.gov.uk,UK-ENG-E60000108,local_plan_site_allocations,https://www.broxtowe.gov.uk/media/7088/part-2-local-plan-adopted-october-2019.pdf,pending_ingest,"Part 1 Greater Nottingham Aligned Core Strategy (joint with Gedling/Nottingham City) adopted Sept 2014, verified; Part 2 adopted October 2019, large PDF confirmed but not independently content-verified beyond size"
Gedling Borough Council,E60000109,Gedling Borough Council,https://www.gedling.gov.uk,UK-ENG-E60000109,local_plan_part2,https://www.gedling.gov.uk/sites/default/files/2025-08/LPD%20Part%202%20local%20plan.pdf,pending_ingest,Aligned Core Strategy (joint with Broxtowe/Nottingham City) adopted 10 Sep 2014; Part 2 adopted Jul 2018; all verified
Gedling Borough Council,E60000109,Gedling Borough Council,https://www.gedling.gov.uk,UK-ENG-E60000109,local_plan_policies_map,https://www.gedling.gov.uk/sites/default/files/2025-08/Amendments%20to%20the%20Policies%20Map%20August%202014.pdf,pending_ingest,Aligned Core Strategy (joint with Broxtowe/Nottingham City) adopted 10 Sep 2014; Part 2 adopted Jul 2018; all verified
Newark and Sherwood District Council,E60000111,Newark and Sherwood District Council,https://www.newark-sherwooddc.gov.uk,UK-ENG-E60000111,local_plan_site_allocations,https://www.newark-sherwooddc.gov.uk/media/nsdc-redesign/documents-and-images/your-council/planning-policy/supplementary-planning-information/allocations-and-development-management-dpd/Allocations-and-Development-Management-Development-Plan-Document.pdf,pending_ingest,"Amended Core Strategy DPD adopted Mar 2019, verified. Allocations & Development Management DPD adopted 16 Jul 2013 - official URL returned 403 from the fetch proxy on repeat attempts (looked transient/proxy-side); content/adoption date independently confirmed via a mirror at cartogold.co.uk. Spot-check the official URL directly before trusting it in the pipeline"
Rushcliffe Borough Council,E60000112,Rushcliffe Borough Council,https://www.rushcliffe.gov.uk,UK-ENG-E60000112,local_plan_part2,https://www.rushcliffe.gov.uk/media/s3cezsuy/rushcliffe-local-plan-part-2_adoption-version.pdf,pending_ingest,Part 1 Core Strategy adopted Dec 2014; Part 2 Land and Planning Policies adopted Oct 2019; both verified
Shropshire Council,E60000114,Shropshire Council,https://www.shropshire.gov.uk,UK-ENG-E60000114,local_plan_samdev,https://next.shropshire.gov.uk/media/qyupf5ny/samdev-adopted-plan.pdf,pending_ingest,"Core Strategy adopted 24 Feb 2011; Site Allocations & Management of Development Plan (SAMDev) adopted 17 Dec 2015; both verified. A full new Local Plan is in Regulation 18 draft, not yet adopted"
Telford & Wrekin Council,E60000116,Telford & Wrekin Council,https://www.telford.gov.uk,UK-ENG-E60000116,local_plan_policies_map,https://www.telford.gov.uk/media/vrcfc2up/twc_lp_policies_map_boroughwide.pdf,pending_ingest,"verified; Local Plan 2011-2031, adopted 11 Jan 2018"
Cannock Chase District Council,E60000117,Cannock Chase District Council,https://www.cannockchasedc.gov.uk,UK-ENG-E60000117,local_plan_policies_map,https://www.cannockchasedc.gov.uk/sites/default/files/document-library/Cannock%20Chase%20Local%20Plan%202018%20-%202040%20Policies%20Map.pdf,pending_ingest,"verified; Local Plan 2018-2040, adopted 23 Mar 2026 (very recent), supersedes old 2014 Part 1 plan"
East Staffordshire Borough Council,E60000118,East Staffordshire Borough Council,https://www.eaststaffsbc.gov.uk,UK-ENG-E60000118,local_plan_policies_map,https://www.eaststaffsbc.gov.uk/media/41049/download?inline,pending_ingest,Local Plan 2012-2031; fetch timed out on the large file (twice) but URL pattern matches other confirmed files in the same directory - spot-check before ingest
Newcastle-under-Lyme Borough Council,E60000120,Newcastle-under-Lyme Borough Council,https://www.newcastle-staffs.gov.uk,UK-ENG-E60000120,local_plan_policies_map,https://www.newcastle-staffs.gov.uk/downloads/file/4003/policies-map-central-north,pending_ingest,"Local Plan 2020-2040, adopted 8 July 2026 (very recent), replaces old 2011 saved policies. Policies map split into 6 tiles, only the central-north tile queued here"
South Staffordshire Council,E60000121,South Staffordshire Council,https://www.sstaffs.gov.uk,UK-ENG-E60000121,local_plan_site_allocations,https://www.sstaffs.gov.uk/sites/default/files/2023-02/SAD%202018.pdf,pending_ingest,"verified; Core Strategy 2012, Site Allocations Document 2018"
Stafford Borough Council,E60000122,Stafford Borough Council,https://www.staffordbc.gov.uk,UK-ENG-E60000122,local_plan_part2,https://www.staffordbc.gov.uk/pfsb-part-2-adoption-2011-2031,pending_ingest,"The Plan for Stafford Borough 2011-2031 (Part 1 adopted 19 June 2014, Part 2 adopted 31 Jan 2017) remains current since the newer 2020-2040 plan's work stopped March 2025. These are LANDING PAGES, not confirmed direct PDF URLs - the ingest script's %PDF- check will likely reject them; needs a follow-up pass to find the actual file links"
North Warwickshire Borough Council,E60000125,North Warwickshire Borough Council,https://www.northwarks.gov.uk,UK-ENG-E60000125,local_plan_policies_map,https://www.northwarks.gov.uk/downloads/file/272/policy-map-with-hyperlinks-,pending_ingest,Local Plan adopted 2021
Dudley Metropolitan Borough Council,E60000132,Dudley Metropolitan Borough Council,https://www.dudley.gov.uk,UK-ENG-E60000132,local_plan_part2,https://www.dudley.gov.uk/media/lnrjjdvt/part-two-dudley-local-plan-version-for-adoption.pdf,pending_ingest,"Dudley Local Plan 2041, adopted 13 July 2026 (very recent), supersedes the old joint Black Country Core Strategy/UDP saved policies for Dudley. robots.txt blocked automated re-fetch verification, sourced directly from Dudley's own local-plan page"
Dudley Metropolitan Borough Council,E60000132,Dudley Metropolitan Borough Council,https://www.dudley.gov.uk,UK-ENG-E60000132,local_plan_policies_map,https://www.dudley.gov.uk/media/mfxbqbyb/dudley-local-plan-policies-map-2024-2041.pdf,pending_ingest,"Dudley Local Plan 2041, adopted 13 July 2026 (very recent), supersedes the old joint Black Country Core Strategy/UDP saved policies for Dudley. robots.txt blocked automated re-fetch verification, sourced directly from Dudley's own local-plan page"
Sandwell Metropolitan Borough Council,E60000133,Sandwell Metropolitan Borough Council,https://www.sandwell.gov.uk,UK-ENG-E60000133,local_plan_site_allocations,https://www.sandwell.gov.uk/downloads/file/773/sandwell-site-allocations-and-delivery-dpd-sad-,pending_ingest,"core strategy is the joint Black Country Core Strategy (2011, shared with Dudley/Sandwell/Walsall/Wolverhampton) - a replacement standalone plan is in preparation/examination for most of these but not yet adopted. Sandwell's own standalone Local Plan is in examination (submitted Dec 2024), not yet adopted. Site Allocations and Delivery DPD adopted Dec 2012"
Sandwell Metropolitan Borough Council,E60000133,Sandwell Metropolitan Borough Council,https://www.sandwell.gov.uk,UK-ENG-E60000133,local_plan_policies_map,https://www.sandwell.gov.uk/downloads/file/772/sandwell-sad-policies-map,pending_ingest,"core strategy is the joint Black Country Core Strategy (2011, shared with Dudley/Sandwell/Walsall/Wolverhampton) - a replacement standalone plan is in preparation/examination for most of these but not yet adopted. Sandwell's own standalone Local Plan is in examination (submitted Dec 2024), not yet adopted. Site Allocations and Delivery DPD adopted Dec 2012"
Walsall Metropolitan Borough Council,E60000135,Walsall Metropolitan Borough Council,https://www.walsall.gov.uk,UK-ENG-E60000135,local_plan_site_allocations,https://go.walsall.gov.uk/sites/default/files/2022-09/SAD%20Adopted_0.pdf,pending_ingest,"core strategy is the joint Black Country Core Strategy (2011, shared with Dudley/Sandwell/Walsall/Wolverhampton) - a replacement standalone plan is in preparation/examination for most of these but not yet adopted. Site Allocations DPD adopted 2019; Annotated 2019 UDP carries saved development-management policies"
Walsall Metropolitan Borough Council,E60000135,Walsall Metropolitan Borough Council,https://www.walsall.gov.uk,UK-ENG-E60000135,local_plan_policies_map,https://go.walsall.gov.uk/sites/default/files/2022-09/Local%20Plans%20Policies%20Map%20Adopted.pdf,pending_ingest,"core strategy is the joint Black Country Core Strategy (2011, shared with Dudley/Sandwell/Walsall/Wolverhampton) - a replacement standalone plan is in preparation/examination for most of these but not yet adopted. Site Allocations DPD adopted 2019; Annotated 2019 UDP carries saved development-management policies"
Walsall Metropolitan Borough Council,E60000135,Walsall Metropolitan Borough Council,https://www.walsall.gov.uk,UK-ENG-E60000135,local_plan_development_management,https://go.walsall.gov.uk/sites/default/files/2022-09/Annotated%202019%20UDP.pdf,pending_ingest,"core strategy is the joint Black Country Core Strategy (2011, shared with Dudley/Sandwell/Walsall/Wolverhampton) - a replacement standalone plan is in preparation/examination for most of these but not yet adopted. Site Allocations DPD adopted 2019; Annotated 2019 UDP carries saved development-management policies"
City of Wolverhampton Council,E60000136,City of Wolverhampton Council,https://www.wolverhampton.gov.uk,UK-ENG-E60000136,local_plan_development_management,https://www.wolverhampton.gov.uk/sites/default/files/2023-02/saved-wolverhampton-udp-policies-and%20policies-map-designations.pdf,pending_ingest,"core strategy is the joint Black Country Core Strategy (2011, shared with Dudley/Sandwell/Walsall/Wolverhampton) - a replacement standalone plan is in preparation/examination for most of these but not yet adopted. Wolverhampton's own 'Wolverhampton Local Plan 2042' is at Regulation 19 publication/examination stage, not yet adopted. Second doc is saved UDP policies & policies map designations (2023 version)"
Luton Borough Council,E60000145,Luton Borough Council,https://www.luton.gov.uk,UK-ENG-E60000145,local_plan_policies_map,https://www.luton.gov.uk/sites/default/files/migrated/Environment/Lists/LutonDocuments/PDF/Local%20Plan/adoption/Luton-Local-Plan-2011-2031-policies-map.pdf,pending_ingest,"verified; Luton Local Plan 2011-2031, adopted 7 Nov 2017"
Southend-on-Sea Borough Council,E60000147,Southend-on-Sea Borough Council,https://www.southend.gov.uk,UK-ENG-E60000147,local_plan_development_management,https://ca1-spp.edcdn.com/documents/Southend-Development-Management-Document-2015.pdf,pending_ingest,"no single unified Local Plan - Core Strategy DPD1 adopted Dec 2007 + Development Management DPD adopted July 2015, plus saved 1994 policies not queued. New Southend Local Plan still in preparation"
East Cambridgeshire District Council,E60000150,East Cambridgeshire District Council,https://www.eastcambs.gov.uk,UK-ENG-E60000150,local_plan_policies_map,https://eastcambs.gov.uk/sites/default/files/2024-10/District%20Proposal%20Map_50k_Colour%20%28resized%29.pdf,pending_ingest,"verified; Local Plan adopted April 2015, amended Oct 2023 (Policy GROWTH 1 only)"
Castle Point Borough Council,E60000157,Castle Point Borough Council,https://www.castlepoint.gov.uk,UK-ENG-E60000157,local_plan_policies_map,https://www.castlepoint.gov.uk/documents/d/guest/proposals-map-and-key-pdf,pending_ingest,"new 'Castle Point Plan' is in Examination (hearings Sept 2026), not yet adopted - currently-adopted plan is the old (1998-era) saved-policies Local Plan, split into ~15 chapter/appendix PDFs; only the consolidated saved-policies doc + proposals map queued here"
Colchester City Council,E60000159,Colchester City Council,https://www.colchester.gov.uk,UK-ENG-E60000159,local_plan_section2,https://cbccrmdata.blob.core.windows.net/noteattachment/CBC-null-section-2-local-plan-update-Colchester%20Borough%20Council%20Local%20Plan%202017-2033%20Section%202%20Final.pdf,pending_ingest,"verified; Section 1 (North Essex shared strategic, also used by Braintree/Tendring) adopted Feb 2021, Section 2 adopted July 2022"
Colchester City Council,E60000159,Colchester City Council,https://www.colchester.gov.uk,UK-ENG-E60000159,local_plan_policies_map,https://cbccrmdata.blob.core.windows.net/noteattachment/Policy%20Maps%20-%20August%202022-compressed.pdf,pending_ingest,"verified; Section 1 (North Essex shared strategic, also used by Braintree/Tendring) adopted Feb 2021, Section 2 adopted July 2022"
Epping Forest District Council,E60000160,Epping Forest District Council,https://www.eppingforestdc.gov.uk,UK-ENG-E60000160,local_plan_part2,https://www.eppingforestdc.gov.uk/app/uploads/2023/03/EFD-Local-Plan-2011-2033-Part-Two.pdf,pending_ingest,"verified (large real PDFs, Part One 48MB); Local Plan 2011-2033, adopted March 2023"
Epping Forest District Council,E60000160,Epping Forest District Council,https://www.eppingforestdc.gov.uk,UK-ENG-E60000160,local_plan_policies_map,https://www.eppingforestdc.gov.uk/app/uploads/2023/03/Policies-Map-200323.pdf,pending_ingest,"verified (large real PDFs, Part One 48MB); Local Plan 2011-2033, adopted March 2023"
Harlow District Council,E60000161,Harlow District Council,https://www.harlow.gov.uk,UK-ENG-E60000161,local_plan_policies_map,https://www.harlow.gov.uk/sites/default/files/documents/Harlow%20Local%20Development%20Plan%20policies%20map_0.pdf,pending_ingest,"Local Development Plan, adopted Dec 2020"
Rochford District Council,E60000163,Rochford District Council,https://www.rochford.gov.uk,UK-ENG-E60000163,local_plan_development_management,https://www.rochford.gov.uk/sites/default/files/2022-11/planning_jaap_dpdadopted_0.pdf,pending_ingest,"new Local Plan still in Regulation 18 draft; currently-adopted is the older DPD suite (Core Strategy Dec 2011, Dev Management Dec 2014, Site Allocations Feb 2014)"
Rochford District Council,E60000163,Rochford District Council,https://www.rochford.gov.uk,UK-ENG-E60000163,local_plan_site_allocations,https://www.rochford.gov.uk/sites/default/files/2022-11/planning_all_allplan.pdf,pending_ingest,"new Local Plan still in Regulation 18 draft; currently-adopted is the older DPD suite (Core Strategy Dec 2011, Dev Management Dec 2014, Site Allocations Feb 2014)"
Tendring District Council,E60000164,Tendring District Council,https://www.tendringdc.gov.uk,UK-ENG-E60000164,local_plan_section2,https://legacy.tendringdc.gov.uk/sites/default/files/documents/planning/Planning_Policy/Section_2/Tendring%20District%20Local%20Plan%202013-2033%20and%20Beyond%20-%20Section%202_AC.pdf,pending_ingest,"verified; Section 1 (North Essex shared strategic, also used by Braintree/Colchester) adopted Jan 2021, Section 2 adopted 25 Jan 2022. Hosted on a 'legacy.' subdomain"
Dacorum Borough Council,E60000167,Dacorum Borough Council,https://www.dacorum.gov.uk,UK-ENG-E60000167,local_plan_saved_policies,https://www.dacorum.gov.uk/docs/default-source/strategic-planning/schedule-of-saved-policies-(pdf-106kb).pdf?sfvrsn=bd36f19f_0,pending_ingest,Core Strategy 2013 + saved 1991-2011 Local Plan policies (no adopted Site Allocations DPD); a new Local Plan to 2041 is in preparation
Hertsmere Borough Council,E60000169,Hertsmere Borough Council,https://www.hertsmere.gov.uk,UK-ENG-E60000169,local_plan_site_allocations,https://www.hertsmere.gov.uk/Documents/09-Planning--Building-Control/Planning-Policy/Local-Plan/FINAL-ADOPTED-SADM-01-02-2017.pdf,pending_ingest,"Core Strategy adopted Jan 2013, Site Allocations and Development Management Policies (SADM) adopted Nov 2016"
Stevenage Borough Council,E60000172,Stevenage Borough Council,https://www.stevenage.gov.uk,UK-ENG-E60000172,local_plan_partial_update,https://www.stevenage.gov.uk/documents/planning-policy/local-plan/stevenage-borough-local-plan-partial-update-22-july-2026.pdf,pending_ingest,"Stevenage Borough Local Plan 2011-2031, adopted May 2019, plus a Partial Update adopted 22 Jul 2026 (very recent) amending climate/housing/employment/Use Classes policies - both remain part of the current statutory plan"
Three Rivers District Council,E60000173,Three Rivers District Council,https://www.threerivers.gov.uk,UK-ENG-E60000173,local_plan_site_allocations,https://cdn-trdc.prod.trdc.blazecms.app/files/2023/01/d70a5a90-9ff4-11ed-8d80-6dc425ce7e94-site-allocations-ldd-adopted-25-november-2014%20(1).pdf,pending_ingest,"Core Strategy adopted 17 Oct 2011, Site Allocations LDD adopted 25 Nov 2014, Development Management Policies LDD adopted Jul 2013. A new Local Plan 2026-2042 is in consultation, not yet adopted"
Three Rivers District Council,E60000173,Three Rivers District Council,https://www.threerivers.gov.uk,UK-ENG-E60000173,local_plan_development_management,https://cdn-trdc.prod.trdc.blazecms.app/files/2023/01/98cc1970-9ff5-11ed-8d80-6dc425ce7e94-final-development-management-policies-ldd-adopted-july-2013%20(1).pdf,pending_ingest,"Core Strategy adopted 17 Oct 2011, Site Allocations LDD adopted 25 Nov 2014, Development Management Policies LDD adopted Jul 2013. A new Local Plan 2026-2042 is in consultation, not yet adopted"
Watford Borough Council,E60000174,Watford Borough Council,https://www.watford.gov.uk,UK-ENG-E60000174,local_plan_policies_map,https://www.watford.gov.uk/downloads/file/1265/local-plan-policies-map,pending_ingest,"Local Plan 2021-2038, adopted Oct 2021, single integrated document"
Broadland District Council,E60000177,Broadland District Council,https://www.broadland.gov.uk,UK-ENG-E60000177,local_plan_policies_map,https://www.gnlp.org.uk/sites/gnlp/files/2021-10/Greater%20Norwich%20Local%20Plan%20Broadland%20Policy%20Map.pdf,pending_ingest,"joint Greater Norwich Local Plan (with Broadland/South Norfolk/Norwich, plus Norfolk County Council as partner), adopted March 2024"
South Norfolk District Council,E60000182,South Norfolk District Council,https://www.south-norfolk.gov.uk,UK-ENG-E60000182,local_plan_policies_map,https://www.gnlp.org.uk/sites/gnlp/files/2024-03/South%20Norfolk%20Policies%20Map.pdf,pending_ingest,"joint Greater Norwich Local Plan (with Broadland/South Norfolk/Norwich, plus Norfolk County Council as partner), adopted March 2024"
Norwich City Council,E60000181,Norwich City Council,https://www.norwich.gov.uk,UK-ENG-E60000181,local_plan_policies_map,https://www.gnlp.org.uk/sites/gnlp/files/2024-03/Norwich%20Policies%20Map.pdf,pending_ingest,"joint Greater Norwich Local Plan (with Broadland/South Norfolk/Norwich, plus Norfolk County Council as partner), adopted March 2024. Norwich additionally retains a separate legacy Development Management Policies document (adopted 2014) still in force alongside GNLP"
Norwich City Council,E60000181,Norwich City Council,https://www.norwich.gov.uk,UK-ENG-E60000181,local_plan_development_management,https://www.norwich.gov.uk/download/downloads/id/2693/adopted_norwich_development_management_policies_local_plan_document.pdf,pending_ingest,"joint Greater Norwich Local Plan (with Broadland/South Norfolk/Norwich, plus Norfolk County Council as partner), adopted March 2024. Norwich additionally retains a separate legacy Development Management Policies document (adopted 2014) still in force alongside GNLP"
East Suffolk Council,E60000184,East Suffolk Council,https://www.eastsuffolk.gov.uk,UK-ENG-E60000184,local_plan_waveney,https://www.eastsuffolk.gov.uk/assets/Planning/Waveney-Local-Plan/Adopted-Waveney-Local-Plan-including-Erratum.pdf,pending_ingest,"no single unified plan yet - still runs on two inherited legacy district plans (Suffolk Coastal adopted Sept 2020, verified; Waveney adopted March 2019). Waveney URL returned HTTP 405 on every fetch attempt despite matching the official title exactly via search - possible bot-protection quirk rather than a dead link, recommend a manual browser check before ingesting"
East Suffolk Council,E60000184,East Suffolk Council,https://www.eastsuffolk.gov.uk,UK-ENG-E60000184,local_plan_policies_map_suffolk_coastal,https://www.eastsuffolk.gov.uk/assets/Planning/Planning-Policy-and-Local-Plans/Suffolk-Coastal-Local-Plan/Adopted-Suffolk-Coastal-Local-Plan/Plan-Area-Policies-Map-updated-February-2021.pdf,pending_ingest,"no single unified plan yet - still runs on two inherited legacy district plans (Suffolk Coastal adopted Sept 2020, verified; Waveney adopted March 2019). Waveney URL returned HTTP 405 on every fetch attempt despite matching the official title exactly via search - possible bot-protection quirk rather than a dead link, recommend a manual browser check before ingesting"
Ipswich Borough Council,E60000185,Ipswich Borough Council,https://www.ipswich.gov.uk,UK-ENG-E60000185,local_plan_site_allocations,https://www.ipswich.gov.uk/sites/ipswich/files/m-files/site_allocations_and_policies_dpd_0.pdf,pending_ingest,"verified; Ipswich Local Plan Review 2018-2036, adopted 23 March 2022"
Ipswich Borough Council,E60000185,Ipswich Borough Council,https://www.ipswich.gov.uk,UK-ENG-E60000185,local_plan_policies_map,https://www.ipswich.gov.uk/sites/ipswich/files/m-files/policies_map.pdf,pending_ingest,"verified; Ipswich Local Plan Review 2018-2036, adopted 23 March 2022"
West Berkshire Council,E60000230,West Berkshire Council,https://www.westberks.gov.uk,UK-ENG-E60000230,local_plan_policies_map,https://www.westberks.gov.uk/media/63649/Policies-Map/pdf/PolicyMapFinal_v8_1b9elbccj66ck.pdf,pending_ingest,"verified; West Berkshire Local Plan Review 2023-2041, adopted 10 June 2025, supersedes the old 2006-2026 Core Strategy"
Wokingham Borough Council,E60000232,Wokingham Borough Council,https://www.wokingham.gov.uk,UK-ENG-E60000232,local_plan_development_management,https://www.wokingham.gov.uk/sites/wokingham/files/2023-06/Adopted%20MDD.pdf,pending_ingest,"verified; Core Strategy adopted 2010, Managing Development Delivery (MDD) DPD adopted 2014"
Slough Borough Council,E60000228,Slough Borough Council,https://www.slough.gov.uk,UK-ENG-E60000228,local_plan_site_allocations,https://slough.gov.uk/downloads/file/2274/development-plan-site-allocations,pending_ingest,verified; Core Strategy 2006-2026 (adopted 2008) + Site Allocations DPD (2010). A new Local Plan is still emerging/draft
Buckinghamshire Council,E60000331,Buckinghamshire Council,https://www.buckinghamshire.gov.uk/,UK-ENG-E60000331,local_plan_wycombe_area,https://buckinghamshire-gov-uk.s3.amazonaws.com/documents/Wycombe-District-Local-Plan-Adopted-August-2019-accessible.pdf,pending_ingest,"Buckinghamshire Council was created 1 April 2020 (replacing Aylesbury Vale/Chiltern/South Bucks/Wycombe). No unified Buckinghamshire-wide Local Plan exists yet - a single plan is in Regulation 19/examination stage, not adopted; the joint 'Chiltern and South Bucks Local Plan 2036' was withdrawn. Planning policy is still governed area-by-area by these legacy district plans (VALP adopted 2021, Wycombe adopted Aug 2019 verified, Chiltern 1997 + Core Strategy 2011, South Bucks 1999 verified + Core Strategy 2011 verified). Aylesbury and Chiltern legacy docs returned 403 to bot fetch but filenames match the council's own S3 document store"
Buckinghamshire Council,E60000331,Buckinghamshire Council,https://www.buckinghamshire.gov.uk/,UK-ENG-E60000331,local_plan_chiltern_area,https://buckinghamshire-gov-uk.s3.amazonaws.com/documents/Chiltern_local_plan_sNdNTQD.pdf,pending_ingest,"Buckinghamshire Council was created 1 April 2020 (replacing Aylesbury Vale/Chiltern/South Bucks/Wycombe). No unified Buckinghamshire-wide Local Plan exists yet - a single plan is in Regulation 19/examination stage, not adopted; the joint 'Chiltern and South Bucks Local Plan 2036' was withdrawn. Planning policy is still governed area-by-area by these legacy district plans (VALP adopted 2021, Wycombe adopted Aug 2019 verified, Chiltern 1997 + Core Strategy 2011, South Bucks 1999 verified + Core Strategy 2011 verified). Aylesbury and Chiltern legacy docs returned 403 to bot fetch but filenames match the council's own S3 document store"
Buckinghamshire Council,E60000331,Buckinghamshire Council,https://www.buckinghamshire.gov.uk/,UK-ENG-E60000331,local_plan_chiltern_area_core_strategy,https://media.buckinghamshire.gov.uk/documents/Core_Startegy_Final_Web_Version_2012_aCjnMQz.pdf,pending_ingest,"Buckinghamshire Council was created 1 April 2020 (replacing Aylesbury Vale/Chiltern/South Bucks/Wycombe). No unified Buckinghamshire-wide Local Plan exists yet - a single plan is in Regulation 19/examination stage, not adopted; the joint 'Chiltern and South Bucks Local Plan 2036' was withdrawn. Planning policy is still governed area-by-area by these legacy district plans (VALP adopted 2021, Wycombe adopted Aug 2019 verified, Chiltern 1997 + Core Strategy 2011, South Bucks 1999 verified + Core Strategy 2011 verified). Aylesbury and Chiltern legacy docs returned 403 to bot fetch but filenames match the council's own S3 document store"
Buckinghamshire Council,E60000331,Buckinghamshire Council,https://www.buckinghamshire.gov.uk/,UK-ENG-E60000331,local_plan_south_bucks_area,https://media.buckinghamshire.gov.uk/documents/South_Bucks_local_plan_j4D6YG4.pdf,pending_ingest,"Buckinghamshire Council was created 1 April 2020 (replacing Aylesbury Vale/Chiltern/South Bucks/Wycombe). No unified Buckinghamshire-wide Local Plan exists yet - a single plan is in Regulation 19/examination stage, not adopted; the joint 'Chiltern and South Bucks Local Plan 2036' was withdrawn. Planning policy is still governed area-by-area by these legacy district plans (VALP adopted 2021, Wycombe adopted Aug 2019 verified, Chiltern 1997 + Core Strategy 2011, South Bucks 1999 verified + Core Strategy 2011 verified). Aylesbury and Chiltern legacy docs returned 403 to bot fetch but filenames match the council's own S3 document store"
Buckinghamshire Council,E60000331,Buckinghamshire Council,https://www.buckinghamshire.gov.uk/,UK-ENG-E60000331,local_plan_south_bucks_area_core_strategy,https://www.southbucks.gov.uk/media/4196/South-Bucks-Core-Strategy-Adopted-February-2011/pdf/South_Bucks_Core_Strategy_-_Adopted_February_2011.pdf,pending_ingest,"Buckinghamshire Council was created 1 April 2020 (replacing Aylesbury Vale/Chiltern/South Bucks/Wycombe). No unified Buckinghamshire-wide Local Plan exists yet - a single plan is in Regulation 19/examination stage, not adopted; the joint 'Chiltern and South Bucks Local Plan 2036' was withdrawn. Planning policy is still governed area-by-area by these legacy district plans (VALP adopted 2021, Wycombe adopted Aug 2019 verified, Chiltern 1997 + Core Strategy 2011, South Bucks 1999 verified + Core Strategy 2011 verified). Aylesbury and Chiltern legacy docs returned 403 to bot fetch but filenames match the council's own S3 document store"
Portsmouth City Council,E60000226,Portsmouth City Council,https://www.portsmouth.gov.uk,UK-ENG-E60000226,local_plan_saved_policies,https://www.portsmouth.gov.uk/wp-content/uploads/2020/05/Portsmouth-City-Local-Plan.pdf,pending_ingest,"verified (Portsmouth Plan link); new 'Portsmouth Local Plan to 2040' still in examination, not yet adopted - currently adopted is The Portsmouth Plan (Core Strategy, adopted 24 Jan 2012) plus saved 2006 Local Plan policies (second URL not independently fetched)"
Southampton City Council,E60000229,Southampton City Council,https://www.southampton.gov.uk/,UK-ENG-E60000229,local_plan_review,https://www.southampton.gov.uk/media/hmqpcls1/amended-lpr-with-ccap-and-cs-changes-13-03-2015_tcm63-371355.pdf,pending_ingest,"Core Strategy (amended 2015, verified filename match but fetch hit a redirect loop - spot-check) + Local Plan Review (amended 2015, verified)"
East Hampshire District Council,E60000243,East Hampshire District Council,https://www.easthants.gov.uk,UK-ENG-E60000243,local_plan_site_allocations,https://www.easthants.gov.uk/media/4181/download?inline,pending_ingest,verified; Joint Core Strategy (2014) + Housing and Employment Allocations (2016). A Local Plan 2021-2040 is only in Reg18 draft
Fareham Borough Council,E60000245,Fareham Borough Council,https://www.fareham.gov.uk,UK-ENG-E60000245,local_plan_policies_map,http://www.fareham.gov.uk/pdf/planning/local_plan/4.PoliciesMap.pdf,pending_ingest,"Fareham Local Plan 2037, adopted 5 April 2023, supersedes old Parts 1&2. Link confirmed live via council's own local-plan page"
Havant Borough Council,E60000248,Havant Borough Council,https://www.havant.gov.uk,UK-ENG-E60000248,local_plan_site_allocations,https://www.havant.gov.uk/media/7687/download?inline,pending_ingest,verified; Core Strategy (2011) + Allocations Plan (2014)
New Forest District Council,E60000249,New Forest District Council,https://www.newforestdc.gov.uk,UK-ENG-E60000249,local_plan_development_management,https://www.newforest.gov.uk/media/713/Section-2-Development-Management-Policies/pdf/Section_2_Development_Management_Policies.pdf,pending_ingest,"Part 1 Planning Strategy adopted 6 July 2020, verified; Part 2 Sites and Development Management (main section) adopted 14 April 2014, still current for site allocations/DM policies. Part 2 also has separate Sections 1/3/4/5 + Appendices not individually queued"
Folkestone and Hythe Council,E60000257,Folkestone and Hythe Council,https://www.folkestone-hythe.gov.uk,UK-ENG-E60000257,local_plan_site_allocations,https://www.folkestone-hythe.gov.uk/downloads/file/3598/places-and-policies-local-plan,pending_ingest,Core Strategy Review adopted 30 Mar 2022; Places and Policies Local Plan adopted 16 Sep 2020
Gravesham Borough Council,E60000258,Gravesham Borough Council,https://www.gravesham.gov.uk,UK-ENG-E60000258,local_plan_policies_map,https://drive.google.com/open?id=1siQD4461VqiNqziBu0MhCPveA9eKNP_Z,pending_ingest,"Local Plan Core Strategy, adopted 2014. No PDF hosted on gravesham.gov.uk itself - the council's own Local Plan page links out to these Google Drive files (not independently fetch-verified, Drive's robots.txt blocked verification, but confirmed as the current live links on the official page)"
Sevenoaks District Council,E60000260,Sevenoaks District Council,https://www.sevenoaks.gov.uk,UK-ENG-E60000260,local_plan_site_allocations,https://www.sevenoaks.gov.uk/downloads/file/304/the_allocations_and_development_management_plan_adopted_version_february_2015,pending_ingest,"Core Strategy adopted Feb 2011; Allocations and Development Management Plan adopted Feb 2015. Policies map published only as individual map-tile PDFs, not queued"
Tonbridge and Malling Borough Council,E60000263,Tonbridge and Malling Borough Council,https://www.tmbc.gov.uk,UK-ENG-E60000263,local_plan_site_allocations,https://www.tmbc.gov.uk/downloads/file/1358/development-land-allocations-dpd,pending_ingest,"LDF-era plan: Core Strategy adopted 25 Sep 2007, Development Land Allocations DPD adopted Apr 2008, Managing Development and the Environment DPD adopted Apr 2010"
Tonbridge and Malling Borough Council,E60000263,Tonbridge and Malling Borough Council,https://www.tmbc.gov.uk,UK-ENG-E60000263,local_plan_development_management,https://www.tmbc.gov.uk/downloads/file/1273/managing-development-and-the-environment,pending_ingest,"LDF-era plan: Core Strategy adopted 25 Sep 2007, Development Land Allocations DPD adopted Apr 2008, Managing Development and the Environment DPD adopted Apr 2010"
Elmbridge Borough Council,E60000270,Elmbridge Borough Council,https://www.elmbridge.gov.uk,UK-ENG-E60000270,local_plan_development_management,https://www.elmbridge.gov.uk/sites/default/files/2023-05/Development%20Management%20Plan.pdf,pending_ingest,Core Strategy (2011) + Development Management Plan (2015). A newer plan (2037) is only in draft/submission
Epsom and Ewell Borough Council,E60000271,Epsom and Ewell Borough Council,https://www.epsom-ewell.gov.uk,UK-ENG-E60000271,local_plan_area_action_plan,https://www.epsom-ewell.gov.uk/sites/default/files/documents/residents/planning/planning-policy/Plan%20E%20final%20version.pdf,pending_ingest,"2000-era adopted plan, still current (2022-2040 plan is emerging, not adopted): Core Strategy 2007, Plan E (Epsom Town Centre Area Action Plan), Development Management Policies Document 2015"
Epsom and Ewell Borough Council,E60000271,Epsom and Ewell Borough Council,https://www.epsom-ewell.gov.uk,UK-ENG-E60000271,local_plan_development_management,https://www.epsom-ewell.gov.uk/sites/default/files/documents/residents/planning/planning-policy/Development%20Management%20Policies%20Document%20Final%20Version.pdf,pending_ingest,"2000-era adopted plan, still current (2022-2040 plan is emerging, not adopted): Core Strategy 2007, Plan E (Epsom Town Centre Area Action Plan), Development Management Policies Document 2015"
Guildford Borough Council,E60000272,Guildford Borough Council,https://www.guildford.gov.uk,UK-ENG-E60000272,local_plan_development_management,https://www.guildford.gov.uk/media/35351/Guildford-LPDMP-FINAL-Accessible/pdf/Guildford_LPDMP.pdf,pending_ingest,"verified; Local Plan: Strategy and Sites 2015-2034, adopted 25 April 2019, plus Development Management Policies"
Reigate and Banstead Borough Council,E60000274,Reigate and Banstead Borough Council,https://www.reigate-banstead.gov.uk,UK-ENG-E60000274,local_plan_development_management,https://www.reigate-banstead.gov.uk/download/downloads/id/5767/development_management_plan.pdf,pending_ingest,Core Strategy adopted July 2014; Development Management Plan adopted 2019. Multi-sheet policies map not queued
Tandridge District Council,E60000278,Tandridge District Council,https://www.tandridge.gov.uk,UK-ENG-E60000278,local_plan_detailed_policies,https://www.tandridge.gov.uk/Portals/0/Documents/Planning%20and%20building/Planning%20strategies%20and%20policies/Current%20and%20adopted%20planning%20policies/Core%20strategy/Local-Plan-part-2-Detailed-policies.pdf,pending_ingest,Core Strategy (2008) + Part 2 Detailed Policies (2014)
Woking Borough Council,E60000280,Woking Borough Council,https://www.woking.gov.uk,UK-ENG-E60000280,local_plan_development_management,https://www.woking2027.info/developmentplan/management/dmpadp.pdf,pending_ingest,"Core Strategy (Oct 2012) + Development Management Policies DPD (Oct 2016). Hosted on the council's legacy woking2027.info domain, not the main woking.gov.uk site. New plan process ongoing, not yet adopted"
Eastbourne Borough Council,E60000237,Eastbourne Borough Council,https://www.eastbourne.gov.uk,UK-ENG-E60000237,local_plan_town_centre,https://www.lewes-eastbourne.gov.uk/media/525/Eastbourne-Town-Centre-Local-Plan/pdf/Eastbourne_Town_Centre_Local_Plan.pdf,pending_ingest,"Core Strategy adopted 20 Feb 2013 (verified); Town Centre Local Plan adopted 20 Nov 2013 (URL sourced from council page, not independently re-fetched)"
Hastings Borough Council,E60000238,Hastings Borough Council,https://www.hastings.gov.uk,UK-ENG-E60000238,local_plan_dmp,https://www.hastings.gov.uk/content/dmp/dmpjune2015.pdf,pending_ingest,"Planning Strategy adopted 19 Feb 2014 (fetch timed out/504, sourced from official council page - unverified); Development Management Plan adopted 23 Sep 2015 (verified)"
Lewes District Council,E60000239,Lewes District Council,https://www.lewes-eastbourne.gov.uk,UK-ENG-E60000239,local_plan_part2_site_allocations,https://www.lewes-eastbourne.gov.uk/media/1739/Local-Plan-Part-2-2020/pdf/Local_Plan_Part_2_2020.pdf,pending_ingest,verified; Joint Core Strategy (Lewes + South Downs National Park Authority for the in-Park area) adopted 11 May 2016; Local Plan Part 2 Site Allocations adopted 24 Feb 2020
Rother District Council,E60000240,Rother District Council,https://www.rother.gov.uk,UK-ENG-E60000240,local_plan_dasa,https://rdcpublic.blob.core.windows.net/website-uploads/2020/01/DaSA_Adopted_December_2019_Web.pdf,pending_ingest,"Core Strategy adopted 29 Sep 2014 (verified); Development and Site Allocations (DaSA) Local Plan adopted 16 Dec 2019 (file too large to fetch/verify, sourced from official adoption page). Both hosted on council's Azure blob storage, not main domain"
Brighton and Hove City Council,E60000222,Brighton and Hove City Council,https://www.brighton-hove.gov.uk,UK-ENG-E60000222,city_plan_part_two,https://www.brighton-hove.gov.uk/sites/default/files/2022-10/CPP2%20Adoption%20Version%20October%202022%20DIGITAL%20version_0.pdf,pending_ingest,"City Plan Part One adopted 24 Mar 2016 (fetch hit redirect loop, unverified); City Plan Part Two adopted 20 Oct 2022 (fetch returned 403, unverified). Both sourced from council's own domain via web search"
Cherwell District Council,E60000265,Cherwell District Council,https://www.cherwell-dc.gov.uk,UK-ENG-E60000265,local_plan_part1_partial_review,https://www.cherwell.gov.uk/download/downloads/id/9710/adopted-cherwell-local-plan-2011-2031-part-1-partial-review-web-reduced.pdf,pending_ingest,"Cherwell Local Plan 2011-2031 Part 1, adopted 2015 (Policy Bicester 13 re-adopted 19 Dec 2016); Partial Review - Oxford's Unmet Housing Need, adopted 7 Sep 2020. Both content-verified. The 'Local Plan 2040' successor was withdrawn from examination in 2025"
Vale of White Horse District Council,E60000268,Vale of White Horse District Council,https://www.whitehorsedc.gov.uk,UK-ENG-E60000268,local_plan_part1_appendices,https://www.whitehorsedc.gov.uk/wp-content/uploads/sites/3/2020/10/Local-Plan-2031-Part-1-Appendicies.pdf,pending_ingest,"Local Plan 2031 Part 1 (Strategic Sites & Policies) adopted Dec 2016, 5-yr review reconfirmed Dec 2021, content verified; Part 1 Appendices not independently re-verified; Part 2 (Detailed Policies & Additional Sites) adopted 9 Oct 2019, 5-yr review reconfirmed Sept 2024 - filename generic ('VOWHDC-Master-1'), flag for manual check; Part 2 Appendices hosted on shared southandvale.gov.uk domain, not independently re-verified"
Vale of White Horse District Council,E60000268,Vale of White Horse District Council,https://www.whitehorsedc.gov.uk,UK-ENG-E60000268,local_plan_part2,https://www.whitehorsedc.gov.uk/wp-content/uploads/sites/3/2021/03/VOWHDC-Master-1.pdf,pending_ingest,"Local Plan 2031 Part 1 (Strategic Sites & Policies) adopted Dec 2016, 5-yr review reconfirmed Dec 2021, content verified; Part 1 Appendices not independently re-verified; Part 2 (Detailed Policies & Additional Sites) adopted 9 Oct 2019, 5-yr review reconfirmed Sept 2024 - filename generic ('VOWHDC-Master-1'), flag for manual check; Part 2 Appendices hosted on shared southandvale.gov.uk domain, not independently re-verified"
Vale of White Horse District Council,E60000268,Vale of White Horse District Council,https://www.whitehorsedc.gov.uk,UK-ENG-E60000268,local_plan_part2_appendices,https://www.southandvale.gov.uk/app/uploads/sites/3/2025/05/Vale-of-White-Horse-Local-Plan-2031-Part-2-Detailed-Policies-and-Additional-Sites-–-Appendices.pdf,pending_ingest,"Local Plan 2031 Part 1 (Strategic Sites & Policies) adopted Dec 2016, 5-yr review reconfirmed Dec 2021, content verified; Part 1 Appendices not independently re-verified; Part 2 (Detailed Policies & Additional Sites) adopted 9 Oct 2019, 5-yr review reconfirmed Sept 2024 - filename generic ('VOWHDC-Master-1'), flag for manual check; Part 2 Appendices hosted on shared southandvale.gov.uk domain, not independently re-verified"
"Bournemouth, Christchurch and Poole Council",E60000289,"Bournemouth, Christchurch and Poole Council",https://www.bcpcouncil.gov.uk,UK-ENG-E60000289,local_plan_poole,https://www.bcpcouncil.gov.uk/documents/planning-and-building-control/Final-version-28.11.18.pdf-for-web.pdf,pending_ingest,"BCP Council created April 2019 (Bournemouth/Christchurch/Poole boroughs). No unified BCP-wide plan adopted yet (draft withdrawn 2024) - area still governed by 3 legacy plans: Bournemouth Core Strategy (2012), Poole Local Plan (Nov 2018), Christchurch and East Dorset Core Strategy (Apr 2014, covers the Christchurch part). All 3 URLs sourced from official BCP page, blocked by robots.txt for byte-level verification"
"Bournemouth, Christchurch and Poole Council",E60000289,"Bournemouth, Christchurch and Poole Council",https://www.bcpcouncil.gov.uk,UK-ENG-E60000289,local_plan_christchurch_area,https://www.bcpcouncil.gov.uk/documents/planning-and-building-control/christchurch-and-east-dorset-adopted-core-strategy.pdf,pending_ingest,"BCP Council created April 2019 (Bournemouth/Christchurch/Poole boroughs). No unified BCP-wide plan adopted yet (draft withdrawn 2024) - area still governed by 3 legacy plans: Bournemouth Core Strategy (2012), Poole Local Plan (Nov 2018), Christchurch and East Dorset Core Strategy (Apr 2014, covers the Christchurch part). All 3 URLs sourced from official BCP page, blocked by robots.txt for byte-level verification"
Cornwall Council,E60000291,Cornwall Council,https://www.cornwall.gov.uk,UK-ENG-E60000291,local_plan_site_allocations_dpd,https://www.cornwall.gov.uk/media/p0ucvkw0/cornwall-site-allocations-development-plan-document.pdf,pending_ingest,"Cornwall Local Plan: Strategic Policies (2010-2030), adopted Nov 2016, confirmed live via council's localplan landing page; Site Allocations DPD adopted 2019. Both robots.txt-blocked for direct PDF fetch verification"
Dorset Council,E60000292,Dorset Council,https://www.dorsetcouncil.gov.uk,UK-ENG-E60000292,local_plan_north_dorset,https://www.dorsetcouncil.gov.uk/documents/35024/283542/North+Dorset+Local+Plan+Part+1.pdf/434e0181-0053-4519-b19c-9524174eabdc,pending_ingest,"Dorset Council created April 2019 (Weymouth and Portland/West Dorset/North Dorset/Purbeck/East Dorset). No unified Dorset-wide plan - governed by legacy district plans: West Dorset, Weymouth and Portland Local Plan adopted Oct 2015 (only an Adoption Statement PDF located, not the full plan text - flag for follow-up); North Dorset Local Plan Part 1 adopted 15 Jan 2016 (403, unverified); Purbeck Local Plan 2018-2034 adopted 18 Jul 2024 (verified, supersedes earlier Purbeck Part 1); Christchurch and East Dorset Core Strategy adopted Apr 2014, covers only the East Dorset part now (Christchurch part moved to BCP) (verified)"
Dorset Council,E60000292,Dorset Council,https://www.dorsetcouncil.gov.uk,UK-ENG-E60000292,local_plan_purbeck,https://www.dorsetcouncil.gov.uk/documents/d/guest/purbeck-local-plan-2018-2034-final,pending_ingest,"Dorset Council created April 2019 (Weymouth and Portland/West Dorset/North Dorset/Purbeck/East Dorset). No unified Dorset-wide plan - governed by legacy district plans: West Dorset, Weymouth and Portland Local Plan adopted Oct 2015 (only an Adoption Statement PDF located, not the full plan text - flag for follow-up); North Dorset Local Plan Part 1 adopted 15 Jan 2016 (403, unverified); Purbeck Local Plan 2018-2034 adopted 18 Jul 2024 (verified, supersedes earlier Purbeck Part 1); Christchurch and East Dorset Core Strategy adopted Apr 2014, covers only the East Dorset part now (Christchurch part moved to BCP) (verified)"
Dorset Council,E60000292,Dorset Council,https://www.dorsetcouncil.gov.uk,UK-ENG-E60000292,local_plan_east_dorset_core_strategy,https://www.dorsetcouncil.gov.uk/documents/35024/290487/Christchurch+and+East+Dorset+Adopted+Core+Strategy.pdf/9ce14f8d-e447-fed2-c665-f50b37748ca5,pending_ingest,"Dorset Council created April 2019 (Weymouth and Portland/West Dorset/North Dorset/Purbeck/East Dorset). No unified Dorset-wide plan - governed by legacy district plans: West Dorset, Weymouth and Portland Local Plan adopted Oct 2015 (only an Adoption Statement PDF located, not the full plan text - flag for follow-up); North Dorset Local Plan Part 1 adopted 15 Jan 2016 (403, unverified); Purbeck Local Plan 2018-2034 adopted 18 Jul 2024 (verified, supersedes earlier Purbeck Part 1); Christchurch and East Dorset Core Strategy adopted Apr 2014, covers only the East Dorset part now (Christchurch part moved to BCP) (verified)"
North Somerset Council,E60000294,North Somerset Council,https://www.n-somerset.gov.uk,UK-ENG-E60000294,local_plan_sites_policies_part1,https://n-somerset.gov.uk/sites/default/files/2020-04/sites%20and%20policies%20plan%20part%201%20development%20management%20policies%20July%202016.pdf,pending_ingest,Core Strategy adopted Apr 2012; Sites and Policies Plan Part 1 (Development Management Policies) adopted 19 Jul 2016; Sites and Policies Plan Part 2 (Site Allocations Plan) adopted 10 Apr 2018. All sourced from official page
North Somerset Council,E60000294,North Somerset Council,https://www.n-somerset.gov.uk,UK-ENG-E60000294,local_plan_site_allocations,https://n-somerset.gov.uk/sites/default/files/2020-03/site%20allocations%20plan.pdf,pending_ingest,Core Strategy adopted Apr 2012; Sites and Policies Plan Part 1 (Development Management Policies) adopted 19 Jul 2016; Sites and Policies Plan Part 2 (Site Allocations Plan) adopted 10 Apr 2018. All sourced from official page
South Gloucestershire Council,E60000296,South Gloucestershire Council,https://www.southglos.gov.uk,UK-ENG-E60000296,local_plan_psp,https://beta.southglos.gov.uk/static/90efa5d673f208a3109ed111ba963a01/PSP_Plan_Nov2017.pdf,pending_ingest,"confirmed via official page; Core Strategy 2006-2027 adopted 11 Dec 2013; Policies, Sites and Places (PSP) Plan adopted 8 Nov 2017. Hosted on council's beta.southglos.gov.uk domain"
Cheltenham Borough Council,E60000308,Cheltenham Borough Council,https://www.cheltenham.gov.uk,UK-ENG-E60000308,local_plan,https://www.cheltenham.gov.uk/downloads/file/8169/cheltenham_plan,pending_ingest,"verified; Joint Core Strategy (JCS) 2011-2031 (JOINT strategic plan with Gloucester City & Tewkesbury Borough), adopted Dec 2017; Cheltenham Plan (non-strategic local policies) adopted July 2020"
Gloucester City Council,E60000311,Gloucester City Council,https://www.gloucester.gov.uk,UK-ENG-E60000311,local_plan,https://www.gloucester.gov.uk/media/ynedezpg/gloucester-city-plan-low-res.pdf,pending_ingest,"verified; Joint Core Strategy (JCS) 2011-2031 (JOINT with Cheltenham Borough & Tewkesbury Borough), adopted Dec 2017; Gloucester City Plan 2011-2031, adopted Jan 2023"
Tewkesbury Borough Council,E60000313,Tewkesbury Borough Council,https://tewkesbury.gov.uk,UK-ENG-E60000313,local_plan,https://tewkesbury.gov.uk/wp-content/uploads/2023/11/Tewkesbury-Borough-Plan-Final-Version-with-front-cover.pdf,pending_ingest,"verified; Joint Core Strategy (JCS) 2011-2031 (JOINT with Cheltenham Borough & Gloucester City), adopted Dec 2017; Tewkesbury Borough Plan 2011-2031, adopted 8 June 2022"
